Log;srcID;lesID
"Jul 10 16:03:03 combo sshd(pam_unix)[30660]: authentication failure; logname= uid=0 euid=0 tty=NODEVssh ruser= rhost=150.183.249.110  user=root";1;11
"Jul 10 16:03:05 combo sshd(pam_unix)[30662]: authentication failure; logname= uid=0 euid=0 tty=NODEVssh ruser= rhost=150.183.249.110  user=root";1;11
"Jul 10 16:03:05 combo sshd(pam_unix)[30665]: authentication failure; logname= uid=0 euid=0 tty=NODEVssh ruser= rhost=150.183.249.110  user=root";1;11
"Jul 10 16:03:05 combo sshd(pam_unix)[30664]: authentication failure; logname= uid=0 euid=0 tty=NODEVssh ruser= rhost=150.183.249.110  user=root";1;11
"Jul 10 16:03:05 combo sshd(pam_unix)[30666]: authentication failure; logname= uid=0 euid=0 tty=NODEVssh ruser= rhost=150.183.249.110  user=root";1;11
"Jul 10 16:03:10 combo sshd(pam_unix)[30670]: authentication failure; logname= uid=0 euid=0 tty=NODEVssh ruser= rhost=150.183.249.110  user=root";1;11
"Jul 10 16:03:11 combo sshd(pam_unix)[30672]: authentication failure; logname= uid=0 euid=0 tty=NODEVssh ruser= rhost=150.183.249.110  user=root";1;11
"Jul 10 16:03:12 combo sshd(pam_unix)[30675]: authentication failure; logname= uid=0 euid=0 tty=NODEVssh ruser= rhost=150.183.249.110  user=root";1;11
"Jul 10 16:03:12 combo sshd(pam_unix)[30674]: authentication failure; logname= uid=0 euid=0 tty=NODEVssh ruser= rhost=150.183.249.110  user=root";1;11
"Jul 10 16:03:13 combo sshd(pam_unix)[30678]: authentication failure; logname= uid=0 euid=0 tty=NODEVssh ruser= rhost=150.183.249.110  user=root";1;11
"Jul 10 16:03:16 combo sshd(pam_unix)[30680]: authentication failure; logname= uid=0 euid=0 tty=NODEVssh ruser= rhost=150.183.249.110  user=root";1;11
"Jul 10 16:03:18 combo sshd(pam_unix)[30682]: authentication failure; logname= uid=0 euid=0 tty=NODEVssh ruser= rhost=150.183.249.110  user=root";1;11
"Jul 10 16:03:18 combo sshd(pam_unix)[30684]: authentication failure; logname= uid=0 euid=0 tty=NODEVssh ruser= rhost=150.183.249.110  user=root";1;11
"Jul 10 16:03:18 combo sshd(pam_unix)[30685]: authentication failure; logname= uid=0 euid=0 tty=NODEVssh ruser= rhost=150.183.249.110  user=root";1;11
"Jul 10 16:03:18 combo sshd(pam_unix)[30686]: authentication failure; logname= uid=0 euid=0 tty=NODEVssh ruser= rhost=150.183.249.110  user=root";1;11
"Jul 10 16:33:01 combo sshd(pam_unix)[30725]: authentication failure; logname= uid=0 euid=0 tty=NODEVssh ruser= rhost=211.214.161.141  user=root";1;11
"Jul 10 16:33:01 combo sshd(pam_unix)[30729]: authentication failure; logname= uid=0 euid=0 tty=NODEVssh ruser= rhost=211.214.161.141  user=root";1;11
"Jul 10 16:33:02 combo sshd(pam_unix)[30731]: authentication failure; logname= uid=0 euid=0 tty=NODEVssh ruser= rhost=211.214.161.141  user=root";1;11
"Jul 10 16:33:02 combo sshd(pam_unix)[30732]: authentication failure; logname= uid=0 euid=0 tty=NODEVssh ruser= rhost=211.214.161.141  user=root";1;11
"Jul 10 16:33:02 combo sshd(pam_unix)[30734]: authentication failure; logname= uid=0 euid=0 tty=NODEVssh ruser= rhost=211.214.161.141  user=root";1;11
"Jul 10 16:33:03 combo sshd(pam_unix)[30739]: authentication failure; logname= uid=0 euid=0 tty=NODEVssh ruser= rhost=211.214.161.141  user=root";1;11
"Jul 10 16:33:03 combo sshd(pam_unix)[30737]: authentication failure; logname= uid=0 euid=0 tty=NODEVssh ruser= rhost=211.214.161.141  user=root";1;11
"Jul 10 16:33:04 combo sshd(pam_unix)[30740]: authentication failure; logname= uid=0 euid=0 tty=NODEVssh ruser= rhost=211.214.161.141  user=root";1;11
"Jul 10 16:33:05 combo sshd(pam_unix)[30743]: authentication failure; logname= uid=0 euid=0 tty=NODEVssh ruser= rhost=211.214.161.141  user=root";1;11
"Jul 10 16:33:05 combo sshd(pam_unix)[30726]: authentication failure; logname= uid=0 euid=0 tty=NODEVssh ruser= rhost=211.214.161.141  user=root";1;11
"Jul 11 03:46:14 combo sshd(pam_unix)[31851]: authentication failure; logname= uid=0 euid=0 tty=NODEVssh ruser= rhost=82.77.200.128  user=root";1;11
"Jul 11 03:46:15 combo sshd(pam_unix)[31848]: authentication failure; logname= uid=0 euid=0 tty=NODEVssh ruser= rhost=82.77.200.128  user=root";1;11
"Jul 11 03:46:15 combo sshd(pam_unix)[31850]: authentication failure; logname= uid=0 euid=0 tty=NODEVssh ruser= rhost=82.77.200.128  user=root";1;11
"Jul 11 03:46:15 combo sshd(pam_unix)[31861]: authentication failure; logname= uid=0 euid=0 tty=NODEVssh ruser= rhost=82.77.200.128  user=root";1;11
"Jul 11 03:46:15 combo sshd(pam_unix)[31854]: authentication failure; logname= uid=0 euid=0 tty=NODEVssh ruser= rhost=82.77.200.128  user=root";1;11
"Jul 11 03:46:15 combo sshd(pam_unix)[31853]: authentication failure; logname= uid=0 euid=0 tty=NODEVssh ruser= rhost=82.77.200.128  user=root";1;11
"Jul 11 03:46:16 combo sshd(pam_unix)[31862]: authentication failure; logname= uid=0 euid=0 tty=NODEVssh ruser= rhost=82.77.200.128  user=root";1;11
"Jul 11 03:46:17 combo sshd(pam_unix)[31855]: authentication failure; logname= uid=0 euid=0 tty=NODEVssh ruser= rhost=82.77.200.128  user=root";1;11
"Jul 11 03:46:17 combo sshd(pam_unix)[31852]: authentication failure; logname= uid=0 euid=0 tty=NODEVssh ruser= rhost=82.77.200.128  user=root";1;11
"Jul 11 03:46:19 combo sshd(pam_unix)[31860]: authentication failure; logname= uid=0 euid=0 tty=NODEVssh ruser= rhost=82.77.200.128  user=root";1;11
Jul 11 04:03:03 combo su(pam_unix)[32237]: session opened for user cyrus by (uid=0);1;11
Jul 11 04:03:04 combo su(pam_unix)[32237]: session closed for user cyrus;1;11
Jul 11 04:03:05 combo logrotate: ALERT exited abnormally with [1];1;11
Jul 11 04:08:37 combo su(pam_unix)[32608]: session opened for user news by (uid=0);1;11
Jul 11 04:08:38 combo su(pam_unix)[32608]: session closed for user news;1;11
"Jul 11 11:33:13 combo gdm(pam_unix)[2803]: check pass; user unknown";1;11
"Jul 11 11:33:13 combo gdm(pam_unix)[2803]: authentication failure; logname= uid=0 euid=0 tty=:0 ruser= rhost=";1;11
Jul 11 11:33:17 combo gdm-binary[2803]: Couldn't authenticate user;1;11
"Jul 11 17:58:16 combo sshd(pam_unix)[1325]: authentication failure; logname= uid=0 euid=0 tty=NODEVssh ruser= rhost=211.137.205.253  user=root";1;11
"Jul 11 17:58:16 combo sshd(pam_unix)[1329]: authentication failure; logname= uid=0 euid=0 tty=NODEVssh ruser= rhost=211.137.205.253  user=root";1;11
"Jul 11 17:58:16 combo sshd(pam_unix)[1327]: authentication failure; logname= uid=0 euid=0 tty=NODEVssh ruser= rhost=211.137.205.253  user=root";1;11
"Jul 11 17:58:19 combo sshd(pam_unix)[1331]: authentication failure; logname= uid=0 euid=0 tty=NODEVssh ruser= rhost=211.137.205.253  user=root";1;11
"Jul 11 17:58:20 combo sshd(pam_unix)[1333]: authentication failure; logname= uid=0 euid=0 tty=NODEVssh ruser= rhost=211.137.205.253  user=root";1;11
"Jul 11 17:58:21 combo sshd(pam_unix)[1335]: authentication failure; logname= uid=0 euid=0 tty=NODEVssh ruser= rhost=211.137.205.253  user=root";1;11
"Jul 11 17:58:21 combo sshd(pam_unix)[1337]: authentication failure; logname= uid=0 euid=0 tty=NODEVssh ruser= rhost=211.137.205.253  user=root";1;11
"Jul 11 17:58:21 combo sshd(pam_unix)[1338]: authentication failure; logname= uid=0 euid=0 tty=NODEVssh ruser= rhost=211.137.205.253  user=root";1;11
"Jul 11 17:58:22 combo sshd(pam_unix)[1341]: authentication failure; logname= uid=0 euid=0 tty=NODEVssh ruser= rhost=211.137.205.253  user=root";1;11
"Jul 11 17:58:23 combo sshd(pam_unix)[1343]: authentication failure; logname= uid=0 euid=0 tty=NODEVssh ruser= rhost=211.137.205.253  user=root";1;11
Jul 12 04:03:40 combo su(pam_unix)[2605]: session opened for user cyrus by (uid=0);1;11
Jul 12 04:03:41 combo su(pam_unix)[2605]: session closed for user cyrus;1;11
Jul 12 04:03:42 combo logrotate: ALERT exited abnormally with [1];1;11
Jul 12 04:09:49 combo su(pam_unix)[3833]: session opened for user news by (uid=0);1;11
Jul 12 04:09:50 combo su(pam_unix)[3833]: session closed for user news;1;11
"Jul 12 06:09:43 combo sshd(pam_unix)[4048]: authentication failure; logname= uid=0 euid=0 tty=NODEVssh ruser= rhost=68.143.156.89.nw.nuvox.net  user=root";1;11
"Jul 12 06:09:44 combo sshd(pam_unix)[4053]: authentication failure; logname= uid=0 euid=0 tty=NODEVssh ruser= rhost=68.143.156.89.nw.nuvox.net  user=root";1;11
"Jul 12 06:09:44 combo sshd(pam_unix)[4052]: authentication failure; logname= uid=0 euid=0 tty=NODEVssh ruser= rhost=68.143.156.89.nw.nuvox.net  user=root";1;11
"Jul 12 06:09:44 combo sshd(pam_unix)[4054]: authentication failure; logname= uid=0 euid=0 tty=NODEVssh ruser= rhost=68.143.156.89.nw.nuvox.net  user=root";1;11
"Jul 12 06:09:44 combo sshd(pam_unix)[4050]: authentication failure; logname= uid=0 euid=0 tty=NODEVssh ruser= rhost=68.143.156.89.nw.nuvox.net  user=root";1;11
"Jul 12 06:09:44 combo sshd(pam_unix)[4061]: authentication failure; logname= uid=0 euid=0 tty=NODEVssh ruser= rhost=68.143.156.89.nw.nuvox.net  user=root";1;11
"Jul 12 06:09:44 combo sshd(pam_unix)[4064]: authentication failure; logname= uid=0 euid=0 tty=NODEVssh ruser= rhost=68.143.156.89.nw.nuvox.net  user=root";1;11
"Jul 12 06:09:45 combo sshd(pam_unix)[4058]: authentication failure; logname= uid=0 euid=0 tty=NODEVssh ruser= rhost=68.143.156.89.nw.nuvox.net  user=root";1;11
"Jul 12 06:09:45 combo sshd(pam_unix)[4059]: authentication failure; logname= uid=0 euid=0 tty=NODEVssh ruser= rhost=68.143.156.89.nw.nuvox.net  user=root";1;11
"Jul 12 06:09:45 combo sshd(pam_unix)[4065]: authentication failure; logname= uid=0 euid=0 tty=NODEVssh ruser= rhost=68.143.156.89.nw.nuvox.net  user=root";1;11
Jul 13 04:04:44 combo su(pam_unix)[6486]: session opened for user cyrus by (uid=0);1;11
Jul 13 04:04:45 combo su(pam_unix)[6486]: session closed for user cyrus;1;11
Jul 13 04:04:45 combo logrotate: ALERT exited abnormally with [1];1;11
Jul 13 04:10:41 combo su(pam_unix)[6863]: session opened for user news by (uid=0);1;11
Jul 13 04:10:41 combo su(pam_unix)[6863]: session closed for user news;1;11
Jul 13 17:22:28 combo sshd(pam_unix)[8113]: session opened for user test by (uid=509);1;11
Jul 13 17:22:28 combo sshd(pam_unix)[8114]: session opened for user test by (uid=509);1;11
Jul 13 17:22:29 combo sshd(pam_unix)[8113]: session closed for user test;1;11
Jul 13 17:22:29 combo sshd(pam_unix)[8114]: session closed for user test;1;11
Jul 13 17:22:29 combo sshd(pam_unix)[8117]: session opened for user test by (uid=509);1;11
Jul 13 17:22:29 combo sshd(pam_unix)[8117]: session closed for user test;1;11
Jul 14 04:08:24 combo su(pam_unix)[9355]: session opened for user cyrus by (uid=0);1;11
Jul 14 04:08:25 combo su(pam_unix)[9355]: session closed for user cyrus;1;11
Jul 14 04:08:25 combo logrotate: ALERT exited abnormally with [1];1;11
Jul 14 04:14:38 combo su(pam_unix)[10583]: session opened for user news by (uid=0);1;11
Jul 14 04:14:39 combo su(pam_unix)[10583]: session closed for user news;1;11
"Jul 14 14:59:42 combo sshd(pam_unix)[11706]: authentication failure; logname= uid=0 euid=0 tty=NODEVssh ruser= rhost=202-132-40-29.adsl.ttn.net  user=root";1;11
"Jul 14 14:59:56 combo sshd(pam_unix)[11708]: authentication failure; logname= uid=0 euid=0 tty=NODEVssh ruser= rhost=202-132-40-29.adsl.ttn.net  user=root";1;11
"Jul 14 15:00:09 combo sshd(pam_unix)[11710]: authentication failure; logname= uid=0 euid=0 tty=NODEVssh ruser= rhost=202-132-40-29.adsl.ttn.net  user=root";1;11
"Jul 14 15:00:22 combo sshd(pam_unix)[11719]: authentication failure; logname= uid=0 euid=0 tty=NODEVssh ruser= rhost=202-132-40-29.adsl.ttn.net  user=root";1;11
"Jul 14 15:00:36 combo sshd(pam_unix)[11721]: authentication failure; logname= uid=0 euid=0 tty=NODEVssh ruser= rhost=202-132-40-29.adsl.ttn.net  user=root";1;11
"Jul 14 15:00:49 combo sshd(pam_unix)[11723]: authentication failure; logname= uid=0 euid=0 tty=NODEVssh ruser= rhost=202-132-40-29.adsl.ttn.net  user=root";1;11
"Jul 14 15:01:03 combo sshd(pam_unix)[11725]: authentication failure; logname= uid=0 euid=0 tty=NODEVssh ruser= rhost=202-132-40-29.adsl.ttn.net  user=root";1;11
"Jul 14 15:01:16 combo sshd(pam_unix)[11741]: authentication failure; logname= uid=0 euid=0 tty=NODEVssh ruser= rhost=202-132-40-29.adsl.ttn.net  user=root";1;11
"Jul 15 01:03:48 combo sshd(pam_unix)[12632]: authentication failure; logname= uid=0 euid=0 tty=NODEVssh ruser= rhost=c51471f2c.cable.wanadoo.nl  user=root";1;11
"Jul 15 01:03:48 combo sshd(pam_unix)[12628]: authentication failure; logname= uid=0 euid=0 tty=NODEVssh ruser= rhost=c51471f2c.cable.wanadoo.nl  user=root";1;11
"Jul 15 01:03:48 combo sshd(pam_unix)[12631]: authentication failure; logname= uid=0 euid=0 tty=NODEVssh ruser= rhost=c51471f2c.cable.wanadoo.nl  user=root";1;11
"Jul 15 01:03:48 combo sshd(pam_unix)[12627]: authentication failure; logname= uid=0 euid=0 tty=NODEVssh ruser= rhost=c51471f2c.cable.wanadoo.nl  user=root";1;11
"Jul 15 01:03:48 combo sshd(pam_unix)[12629]: authentication failure; logname= uid=0 euid=0 tty=NODEVssh ruser= rhost=c51471f2c.cable.wanadoo.nl  user=root";1;11
"Jul 15 01:03:48 combo sshd(pam_unix)[12630]: authentication failure; logname= uid=0 euid=0 tty=NODEVssh ruser= rhost=c51471f2c.cable.wanadoo.nl  user=root";1;11
"Jul 15 01:03:49 combo sshd(pam_unix)[12643]: authentication failure; logname= uid=0 euid=0 tty=NODEVssh ruser= rhost=c51471f2c.cable.wanadoo.nl  user=root";1;11
"Jul 15 01:03:49 combo sshd(pam_unix)[12645]: authentication failure; logname= uid=0 euid=0 tty=NODEVssh ruser= rhost=c51471f2c.cable.wanadoo.nl  user=root";1;11
"Jul 15 01:03:50 combo sshd(pam_unix)[12639]: authentication failure; logname= uid=0 euid=0 tty=NODEVssh ruser= rhost=c51471f2c.cable.wanadoo.nl  user=root";1;11
"Jul 15 01:03:50 combo sshd(pam_unix)[12640]: authentication failure; logname= uid=0 euid=0 tty=NODEVssh ruser= rhost=c51471f2c.cable.wanadoo.nl  user=root";1;11
Jul 15 04:05:02 combo su(pam_unix)[13238]: session opened for user cyrus by (uid=0);1;11
Jul 15 04:05:02 combo su(pam_unix)[13238]: session closed for user cyrus;1;11
Jul 15 04:05:03 combo logrotate: ALERT exited abnormally with [1];1;11
Jul 15 04:10:45 combo su(pam_unix)[13611]: session opened for user news by (uid=0);1;11
Jul 15 04:10:46 combo su(pam_unix)[13611]: session closed for user news;1;11
Jul 15 23:42:43 combo ftpd[15339]: connection from 211.107.232.1 () at Fri Jul 15 23:42:43 2005;1;11
Jul 15 23:42:43 combo ftpd[15337]: connection from 211.107.232.1 () at Fri Jul 15 23:42:43 2005;1;11
Jul 15 23:42:43 combo ftpd[15334]: connection from 211.107.232.1 () at Fri Jul 15 23:42:43 2005;1;11
Jul 15 23:42:43 combo ftpd[15335]: connection from 211.107.232.1 () at Fri Jul 15 23:42:43 2005;1;11
Jul 15 23:42:43 combo ftpd[15338]: connection from 211.107.232.1 () at Fri Jul 15 23:42:43 2005;1;11
Jul 15 23:42:43 combo ftpd[15336]: connection from 211.107.232.1 () at Fri Jul 15 23:42:43 2005;1;11
Jul 15 23:42:43 combo ftpd[15341]: connection from 211.107.232.1 () at Fri Jul 15 23:42:43 2005;1;11
Jul 15 23:42:43 combo ftpd[15340]: connection from 211.107.232.1 () at Fri Jul 15 23:42:43 2005;1;11
Jul 15 23:42:43 combo ftpd[15327]: connection from 211.107.232.1 () at Fri Jul 15 23:42:43 2005;1;11
Jul 15 23:42:43 combo ftpd[15333]: connection from 211.107.232.1 () at Fri Jul 15 23:42:43 2005;1;11
Jul 15 23:42:43 combo ftpd[15323]: connection from 211.107.232.1 () at Fri Jul 15 23:42:43 2005;1;11
Jul 15 23:42:43 combo ftpd[15330]: connection from 211.107.232.1 () at Fri Jul 15 23:42:43 2005;1;11
Jul 15 23:42:43 combo ftpd[15322]: connection from 211.107.232.1 () at Fri Jul 15 23:42:43 2005;1;11
Jul 15 23:42:43 combo ftpd[15324]: connection from 211.107.232.1 () at Fri Jul 15 23:42:43 2005;1;11
Jul 15 23:42:43 combo ftpd[15329]: connection from 211.107.232.1 () at Fri Jul 15 23:42:43 2005;1;11
Jul 15 23:42:43 combo ftpd[15332]: connection from 211.107.232.1 () at Fri Jul 15 23:42:43 2005;1;11
Jul 15 23:42:43 combo ftpd[15328]: connection from 211.107.232.1 () at Fri Jul 15 23:42:43 2005;1;11
Jul 15 23:42:43 combo ftpd[15321]: connection from 211.107.232.1 () at Fri Jul 15 23:42:43 2005;1;11
Jul 15 23:42:43 combo ftpd[15326]: connection from 211.107.232.1 () at Fri Jul 15 23:42:43 2005;1;11
Jul 15 23:42:43 combo ftpd[15325]: connection from 211.107.232.1 () at Fri Jul 15 23:42:43 2005;1;11
Jul 15 23:42:43 combo ftpd[15331]: connection from 211.107.232.1 () at Fri Jul 15 23:42:43 2005;1;11
Jul 15 23:42:44 combo ftpd[15342]: connection from 211.107.232.1 () at Fri Jul 15 23:42:44 2005;1;11
Jul 16 04:07:32 combo su(pam_unix)[16058]: session opened for user cyrus by (uid=0);1;11
Jul 16 04:07:33 combo su(pam_unix)[16058]: session closed for user cyrus;1;11
Jul 16 04:07:34 combo logrotate: ALERT exited abnormally with [1];1;11
Jul 16 04:13:59 combo su(pam_unix)[17286]: session opened for user news by (uid=0);1;11
Jul 16 04:14:00 combo su(pam_unix)[17286]: session closed for user news;1;11
Jul 16 08:14:04 combo ftpd[17669]: connection from 212.65.68.82 () at Sat Jul 16 08:14:04 2005;1;11
Jul 16 08:14:04 combo ftpd[17670]: connection from 212.65.68.82 () at Sat Jul 16 08:14:04 2005;1;11
Jul 16 08:14:04 combo ftpd[17667]: connection from 212.65.68.82 () at Sat Jul 16 08:14:04 2005;1;11
Jul 16 08:14:07 combo ftpd[17673]: connection from 212.65.68.82 () at Sat Jul 16 08:14:07 2005;1;11
Jul 16 08:14:07 combo ftpd[17668]: connection from 212.65.68.82 () at Sat Jul 16 08:14:07 2005;1;11
Jul 16 08:14:07 combo ftpd[17671]: connection from 212.65.68.82 () at Sat Jul 16 08:14:07 2005;1;11
Jul 16 08:14:07 combo ftpd[17681]: connection from 212.65.68.82 () at Sat Jul 16 08:14:07 2005;1;11
Jul 16 08:14:07 combo ftpd[17680]: connection from 212.65.68.82 () at Sat Jul 16 08:14:07 2005;1;11
Jul 16 08:14:07 combo ftpd[17672]: connection from 212.65.68.82 () at Sat Jul 16 08:14:07 2005;1;11
Jul 16 08:14:07 combo ftpd[17687]: connection from 212.65.68.82 () at Sat Jul 16 08:14:07 2005;1;11
Jul 16 08:14:07 combo ftpd[17678]: connection from 212.65.68.82 () at Sat Jul 16 08:14:07 2005;1;11
Jul 16 08:14:07 combo ftpd[17675]: connection from 212.65.68.82 () at Sat Jul 16 08:14:07 2005;1;11
Jul 16 08:14:07 combo ftpd[17688]: connection from 212.65.68.82 () at Sat Jul 16 08:14:07 2005;1;11
Jul 16 08:14:07 combo ftpd[17677]: connection from 212.65.68.82 () at Sat Jul 16 08:14:07 2005;1;11
Jul 16 08:14:07 combo ftpd[17682]: connection from 212.65.68.82 () at Sat Jul 16 08:14:07 2005;1;11
Jul 16 08:14:07 combo ftpd[17683]: connection from 212.65.68.82 () at Sat Jul 16 08:14:07 2005;1;11
Jul 16 08:14:07 combo ftpd[17684]: connection from 212.65.68.82 () at Sat Jul 16 08:14:07 2005;1;11
Jul 16 08:14:07 combo ftpd[17685]: connection from 212.65.68.82 () at Sat Jul 16 08:14:07 2005;1;11
Jul 16 08:14:07 combo ftpd[17686]: connection from 212.65.68.82 () at Sat Jul 16 08:14:07 2005;1;11
Jul 16 08:14:07 combo ftpd[17676]: connection from 212.65.68.82 () at Sat Jul 16 08:14:07 2005;1;11
Jul 16 08:14:07 combo ftpd[17674]: connection from 212.65.68.82 () at Sat Jul 16 08:14:07 2005;1;11
Jul 16 08:14:07 combo ftpd[17689]: connection from 212.65.68.82 () at Sat Jul 16 08:14:07 2005;1;11
Jul 16 08:14:07 combo ftpd[17679]: connection from 212.65.68.82 () at Sat Jul 16 08:14:07 2005;1;11
Jul 17 04:06:32 combo ftpd[19675]: connection from 83.116.207.11 (aml-sfh-3310b.adsl.wanadoo.nl) at Sun Jul 17 04:06:32 2005;1;11
Jul 17 04:06:32 combo ftpd[19674]: connection from 83.116.207.11 (aml-sfh-3310b.adsl.wanadoo.nl) at Sun Jul 17 04:06:32 2005;1;11
Jul 17 04:08:08 combo su(pam_unix)[19686]: session opened for user cyrus by (uid=0);1;11
Jul 17 04:08:09 combo su(pam_unix)[19686]: session closed for user cyrus;1;11
Jul 17 04:08:10 combo cups: cupsd shutdown succeeded;1;11
Jul 17 04:08:16 combo cups: cupsd startup succeeded;1;11
Jul 17 04:08:23 combo syslogd 1.4.1: restart.;1;11
Jul 17 04:08:23 combo logrotate: ALERT exited abnormally with [1];1;11
Jul 17 04:13:57 combo su(pam_unix)[20282]: session opened for user news by (uid=0);1;11
Jul 17 04:13:58 combo su(pam_unix)[20282]: session closed for user news;1;11
Jul 17 06:13:37 combo ftpd[23574]: connection from 83.116.207.11 (aml-sfh-3310b.adsl.wanadoo.nl) at Sun Jul 17 06:13:37 2005;1;11
Jul 17 06:13:37 combo ftpd[23575]: connection from 83.116.207.11 (aml-sfh-3310b.adsl.wanadoo.nl) at Sun Jul 17 06:13:37 2005;1;11
Jul 17 06:13:37 combo ftpd[23573]: connection from 83.116.207.11 (aml-sfh-3310b.adsl.wanadoo.nl) at Sun Jul 17 06:13:37 2005;1;11
Jul 17 06:13:37 combo ftpd[23572]: connection from 83.116.207.11 (aml-sfh-3310b.adsl.wanadoo.nl) at Sun Jul 17 06:13:37 2005;1;11
Jul 17 06:13:37 combo ftpd[23578]: connection from 83.116.207.11 (aml-sfh-3310b.adsl.wanadoo.nl) at Sun Jul 17 06:13:37 2005;1;11
Jul 17 06:13:37 combo ftpd[23577]: connection from 83.116.207.11 (aml-sfh-3310b.adsl.wanadoo.nl) at Sun Jul 17 06:13:37 2005;1;11
Jul 17 06:13:37 combo ftpd[23571]: connection from 83.116.207.11 (aml-sfh-3310b.adsl.wanadoo.nl) at Sun Jul 17 06:13:37 2005;1;11
Jul 17 06:13:37 combo ftpd[23576]: connection from 83.116.207.11 (aml-sfh-3310b.adsl.wanadoo.nl) at Sun Jul 17 06:13:37 2005;1;11
Jul 17 06:13:37 combo ftpd[23564]: connection from 83.116.207.11 (aml-sfh-3310b.adsl.wanadoo.nl) at Sun Jul 17 06:13:37 2005;1;11
Jul 17 06:13:37 combo ftpd[23560]: connection from 83.116.207.11 (aml-sfh-3310b.adsl.wanadoo.nl) at Sun Jul 17 06:13:37 2005;1;11
Jul 17 06:13:37 combo ftpd[23570]: connection from 83.116.207.11 (aml-sfh-3310b.adsl.wanadoo.nl) at Sun Jul 17 06:13:37 2005;1;11
Jul 17 06:13:37 combo ftpd[23568]: connection from 83.116.207.11 (aml-sfh-3310b.adsl.wanadoo.nl) at Sun Jul 17 06:13:37 2005;1;11
Jul 17 06:13:37 combo ftpd[23565]: connection from 83.116.207.11 (aml-sfh-3310b.adsl.wanadoo.nl) at Sun Jul 17 06:13:37 2005;1;11
Jul 17 06:13:37 combo ftpd[23566]: connection from 83.116.207.11 (aml-sfh-3310b.adsl.wanadoo.nl) at Sun Jul 17 06:13:37 2005;1;11
Jul 17 06:13:38 combo ftpd[23562]: connection from 83.116.207.11 (aml-sfh-3310b.adsl.wanadoo.nl) at Sun Jul 17 06:13:38 2005;1;11
Jul 17 06:13:38 combo ftpd[23567]: connection from 83.116.207.11 (aml-sfh-3310b.adsl.wanadoo.nl) at Sun Jul 17 06:13:38 2005;1;11
Jul 17 06:13:38 combo ftpd[23563]: connection from 83.116.207.11 (aml-sfh-3310b.adsl.wanadoo.nl) at Sun Jul 17 06:13:38 2005;1;11
Jul 17 06:13:38 combo ftpd[23561]: connection from 83.116.207.11 (aml-sfh-3310b.adsl.wanadoo.nl) at Sun Jul 17 06:13:38 2005;1;11
Jul 17 06:13:38 combo ftpd[23569]: connection from 83.116.207.11 (aml-sfh-3310b.adsl.wanadoo.nl) at Sun Jul 17 06:13:38 2005;1;11
Jul 17 06:14:36 combo ftpd[23579]: connection from 83.116.207.11 (aml-sfh-3310b.adsl.wanadoo.nl) at Sun Jul 17 06:14:36 2005;1;11
Jul 17 06:14:36 combo ftpd[23580]: connection from 83.116.207.11 (aml-sfh-3310b.adsl.wanadoo.nl) at Sun Jul 17 06:14:36 2005;1;11
Jul 17 06:14:36 combo ftpd[23581]: connection from 83.116.207.11 (aml-sfh-3310b.adsl.wanadoo.nl) at Sun Jul 17 06:14:36 2005;1;11
Jul 17 06:14:36 combo ftpd[23582]: connection from 83.116.207.11 (aml-sfh-3310b.adsl.wanadoo.nl) at Sun Jul 17 06:14:36 2005;1;11
Jul 17 06:14:36 combo ftpd[23583]: connection from 83.116.207.11 (aml-sfh-3310b.adsl.wanadoo.nl) at Sun Jul 17 06:14:36 2005;1;11
Jul 17 06:14:36 combo ftpd[23584]: connection from 83.116.207.11 (aml-sfh-3310b.adsl.wanadoo.nl) at Sun Jul 17 06:14:36 2005;1;11
Jul 17 06:14:36 combo ftpd[23586]: connection from 83.116.207.11 (aml-sfh-3310b.adsl.wanadoo.nl) at Sun Jul 17 06:14:36 2005;1;11
Jul 17 06:14:36 combo ftpd[23585]: connection from 83.116.207.11 (aml-sfh-3310b.adsl.wanadoo.nl) at Sun Jul 17 06:14:36 2005;1;11
Jul 17 06:14:36 combo ftpd[23587]: connection from 83.116.207.11 (aml-sfh-3310b.adsl.wanadoo.nl) at Sun Jul 17 06:14:36 2005;1;11
Jul 17 06:14:36 combo ftpd[23588]: connection from 83.116.207.11 (aml-sfh-3310b.adsl.wanadoo.nl) at Sun Jul 17 06:14:36 2005;1;11
Jul 17 06:14:36 combo ftpd[23589]: connection from 83.116.207.11 (aml-sfh-3310b.adsl.wanadoo.nl) at Sun Jul 17 06:14:36 2005;1;11
Jul 17 08:06:12 combo ftpd[23777]: connection from 218.146.61.230 () at Sun Jul 17 08:06:12 2005;1;11
Jul 17 08:06:12 combo ftpd[23779]: connection from 218.146.61.230 () at Sun Jul 17 08:06:12 2005;1;11
Jul 17 08:06:12 combo ftpd[23778]: connection from 218.146.61.230 () at Sun Jul 17 08:06:12 2005;1;11
Jul 17 08:06:12 combo ftpd[23780]: connection from 218.146.61.230 () at Sun Jul 17 08:06:12 2005;1;11
Jul 17 08:06:12 combo ftpd[23781]: connection from 218.146.61.230 () at Sun Jul 17 08:06:12 2005;1;11
Jul 17 08:06:12 combo ftpd[23782]: connection from 218.146.61.230 () at Sun Jul 17 08:06:12 2005;1;11
Jul 17 08:06:12 combo ftpd[23783]: connection from 218.146.61.230 () at Sun Jul 17 08:06:12 2005;1;11
Jul 17 08:06:12 combo ftpd[23785]: connection from 218.146.61.230 () at Sun Jul 17 08:06:12 2005;1;11
Jul 17 08:06:12 combo ftpd[23786]: connection from 218.146.61.230 () at Sun Jul 17 08:06:12 2005;1;11
Jul 17 08:06:12 combo ftpd[23787]: connection from 218.146.61.230 () at Sun Jul 17 08:06:12 2005;1;11
Jul 17 08:06:12 combo ftpd[23784]: connection from 218.146.61.230 () at Sun Jul 17 08:06:12 2005;1;11
Jul 17 08:06:12 combo ftpd[23792]: connection from 218.146.61.230 () at Sun Jul 17 08:06:12 2005;1;11
Jul 17 08:06:12 combo ftpd[23788]: connection from 218.146.61.230 () at Sun Jul 17 08:06:12 2005;1;11
Jul 17 08:06:12 combo ftpd[23793]: connection from 218.146.61.230 () at Sun Jul 17 08:06:12 2005;1;11
Jul 17 08:06:12 combo ftpd[23789]: connection from 218.146.61.230 () at Sun Jul 17 08:06:12 2005;1;11
Jul 17 08:06:12 combo ftpd[23790]: connection from 218.146.61.230 () at Sun Jul 17 08:06:12 2005;1;11
Jul 17 08:06:12 combo ftpd[23791]: connection from 218.146.61.230 () at Sun Jul 17 08:06:12 2005;1;11
Jul 17 08:06:12 combo ftpd[23794]: connection from 218.146.61.230 () at Sun Jul 17 08:06:12 2005;1;11
Jul 17 08:06:12 combo ftpd[23795]: connection from 218.146.61.230 () at Sun Jul 17 08:06:12 2005;1;11
Jul 17 08:06:12 combo ftpd[23796]: connection from 218.146.61.230 () at Sun Jul 17 08:06:12 2005;1;11
Jul 17 08:06:12 combo ftpd[23797]: connection from 218.146.61.230 () at Sun Jul 17 08:06:12 2005;1;11
Jul 17 08:06:12 combo ftpd[23798]: connection from 218.146.61.230 () at Sun Jul 17 08:06:12 2005;1;11
Jul 17 08:06:14 combo ftpd[23799]: connection from 218.146.61.230 () at Sun Jul 17 08:06:14 2005;1;11
Jul 17 09:44:07 combo ftpd[23931]: connection from 210.245.165.136 () at Sun Jul 17 09:44:07 2005;1;11
Jul 17 09:44:07 combo ftpd[23933]: connection from 210.245.165.136 () at Sun Jul 17 09:44:07 2005;1;11
Jul 17 09:44:07 combo ftpd[23932]: connection from 210.245.165.136 () at Sun Jul 17 09:44:07 2005;1;11
Jul 17 09:44:07 combo ftpd[23934]: connection from 210.245.165.136 () at Sun Jul 17 09:44:07 2005;1;11
Jul 17 09:44:07 combo ftpd[23935]: connection from 210.245.165.136 () at Sun Jul 17 09:44:07 2005;1;11
Jul 17 09:44:07 combo ftpd[23937]: connection from 210.245.165.136 () at Sun Jul 17 09:44:07 2005;1;11
Jul 17 09:44:07 combo ftpd[23938]: connection from 210.245.165.136 () at Sun Jul 17 09:44:07 2005;1;11
Jul 17 09:44:07 combo ftpd[23936]: connection from 210.245.165.136 () at Sun Jul 17 09:44:07 2005;1;11
Jul 17 09:44:07 combo ftpd[23939]: connection from 210.245.165.136 () at Sun Jul 17 09:44:07 2005;1;11
"Jul 17 10:45:07 combo sshd(pam_unix)[24031]: authentication failure; logname= uid=0 euid=0 tty=NODEVssh ruser= rhost=61-220-159-99.hinet-ip.hinet.net  user=root";1;11
"Jul 17 10:45:07 combo sshd(pam_unix)[24033]: authentication failure; logname= uid=0 euid=0 tty=NODEVssh ruser= rhost=61-220-159-99.hinet-ip.hinet.net  user=root";1;11
"Jul 17 10:45:07 combo sshd(pam_unix)[24030]: authentication failure; logname= uid=0 euid=0 tty=NODEVssh ruser= rhost=61-220-159-99.hinet-ip.hinet.net  user=root";1;11
Jul 17 12:30:35 combo ftpd[24192]: connection from 207.30.238.8 (host8.topspot.net) at Sun Jul 17 12:30:35 2005;1;11
Jul 17 12:30:37 combo ftpd[24193]: connection from 207.30.238.8 (host8.topspot.net) at Sun Jul 17 12:30:37 2005;1;11
Jul 17 12:30:42 combo ftpd[24194]: connection from 207.30.238.8 (host8.topspot.net) at Sun Jul 17 12:30:42 2005;1;11
Jul 17 12:30:43 combo ftpd[24195]: connection from 207.30.238.8 (host8.topspot.net) at Sun Jul 17 12:30:43 2005;1;11
Jul 17 12:30:43 combo ftpd[24196]: connection from 207.30.238.8 (host8.topspot.net) at Sun Jul 17 12:30:43 2005;1;11
Jul 17 12:30:46 combo ftpd[24197]: connection from 207.30.238.8 (host8.topspot.net) at Sun Jul 17 12:30:46 2005;1;11
Jul 17 12:30:47 combo ftpd[24198]: connection from 207.30.238.8 (host8.topspot.net) at Sun Jul 17 12:30:47 2005;1;11
Jul 17 12:30:48 combo ftpd[24199]: connection from 207.30.238.8 (host8.topspot.net) at Sun Jul 17 12:30:48 2005;1;11
Jul 17 12:30:48 combo ftpd[24200]: connection from 207.30.238.8 (host8.topspot.net) at Sun Jul 17 12:30:48 2005;1;11
Jul 17 12:30:51 combo ftpd[24201]: connection from 207.30.238.8 (host8.topspot.net) at Sun Jul 17 12:30:51 2005;1;11
Jul 17 12:30:53 combo ftpd[24202]: connection from 207.30.238.8 (host8.topspot.net) at Sun Jul 17 12:30:53 2005;1;11
Jul 17 12:30:53 combo ftpd[24203]: connection from 207.30.238.8 (host8.topspot.net) at Sun Jul 17 12:30:53 2005;1;11
Jul 17 12:30:54 combo ftpd[24204]: connection from 207.30.238.8 (host8.topspot.net) at Sun Jul 17 12:30:54 2005;1;11
Jul 17 12:30:57 combo ftpd[24205]: connection from 207.30.238.8 (host8.topspot.net) at Sun Jul 17 12:30:57 2005;1;11
Jul 17 12:30:57 combo ftpd[24206]: connection from 207.30.238.8 (host8.topspot.net) at Sun Jul 17 12:30:57 2005;1;11
Jul 17 12:30:58 combo ftpd[24207]: connection from 207.30.238.8 (host8.topspot.net) at Sun Jul 17 12:30:58 2005;1;11
Jul 17 12:30:58 combo ftpd[24208]: connection from 207.30.238.8 (host8.topspot.net) at Sun Jul 17 12:30:58 2005;1;11
Jul 17 12:30:58 combo ftpd[24209]: connection from 207.30.238.8 (host8.topspot.net) at Sun Jul 17 12:30:58 2005;1;11
Jul 17 12:30:59 combo ftpd[24210]: connection from 207.30.238.8 (host8.topspot.net) at Sun Jul 17 12:30:59 2005;1;11
Jul 17 12:30:59 combo ftpd[24211]: connection from 207.30.238.8 (host8.topspot.net) at Sun Jul 17 12:30:59 2005;1;11
Jul 17 12:30:59 combo ftpd[24212]: connection from 207.30.238.8 (host8.topspot.net) at Sun Jul 17 12:30:59 2005;1;11
Jul 17 12:31:00 combo ftpd[24213]: connection from 207.30.238.8 (host8.topspot.net) at Sun Jul 17 12:31:00 2005;1;11
Jul 17 12:31:04 combo ftpd[24214]: connection from 207.30.238.8 (host8.topspot.net) at Sun Jul 17 12:31:04 2005;1;11
Jul 17 14:02:39 combo ftpd[24356]: connection from 207.30.238.8 (host8.topspot.net) at Sun Jul 17 14:02:39 2005;1;11
Jul 17 14:02:43 combo ftpd[24357]: connection from 207.30.238.8 (host8.topspot.net) at Sun Jul 17 14:02:43 2005;1;11
Jul 17 14:02:43 combo ftpd[24358]: connection from 207.30.238.8 (host8.topspot.net) at Sun Jul 17 14:02:43 2005;1;11
Jul 17 14:02:44 combo ftpd[24359]: connection from 207.30.238.8 (host8.topspot.net) at Sun Jul 17 14:02:44 2005;1;11
Jul 17 14:02:47 combo ftpd[24360]: connection from 207.30.238.8 (host8.topspot.net) at Sun Jul 17 14:02:47 2005;1;11
Jul 17 14:02:48 combo ftpd[24361]: connection from 207.30.238.8 (host8.topspot.net) at Sun Jul 17 14:02:48 2005;1;11
Jul 17 14:02:49 combo ftpd[24362]: connection from 207.30.238.8 (host8.topspot.net) at Sun Jul 17 14:02:49 2005;1;11
Jul 17 14:02:49 combo ftpd[24363]: connection from 207.30.238.8 (host8.topspot.net) at Sun Jul 17 14:02:49 2005;1;11
Jul 17 14:02:49 combo ftpd[24364]: connection from 207.30.238.8 (host8.topspot.net) at Sun Jul 17 14:02:49 2005;1;11
Jul 17 14:02:49 combo ftpd[24365]: connection from 207.30.238.8 (host8.topspot.net) at Sun Jul 17 14:02:49 2005;1;11
Jul 17 14:02:54 combo ftpd[24366]: connection from 207.30.238.8 (host8.topspot.net) at Sun Jul 17 14:02:54 2005;1;11
Jul 17 14:02:54 combo ftpd[24367]: connection from 207.30.238.8 (host8.topspot.net) at Sun Jul 17 14:02:54 2005;1;11
Jul 17 14:02:54 combo ftpd[24368]: connection from 207.30.238.8 (host8.topspot.net) at Sun Jul 17 14:02:54 2005;1;11
Jul 17 14:02:55 combo ftpd[24369]: connection from 207.30.238.8 (host8.topspot.net) at Sun Jul 17 14:02:55 2005;1;11
Jul 17 14:02:57 combo ftpd[24370]: connection from 207.30.238.8 (host8.topspot.net) at Sun Jul 17 14:02:57 2005;1;11
Jul 17 14:02:59 combo ftpd[24371]: connection from 207.30.238.8 (host8.topspot.net) at Sun Jul 17 14:02:59 2005;1;11
Jul 17 14:02:59 combo ftpd[24372]: connection from 207.30.238.8 (host8.topspot.net) at Sun Jul 17 14:02:59 2005;1;11
Jul 17 14:03:00 combo ftpd[24373]: connection from 207.30.238.8 (host8.topspot.net) at Sun Jul 17 14:03:00 2005;1;11
Jul 17 14:03:00 combo ftpd[24374]: connection from 207.30.238.8 (host8.topspot.net) at Sun Jul 17 14:03:00 2005;1;11
Jul 17 14:03:00 combo ftpd[24375]: connection from 207.30.238.8 (host8.topspot.net) at Sun Jul 17 14:03:00 2005;1;11
Jul 17 14:03:04 combo ftpd[24376]: connection from 207.30.238.8 (host8.topspot.net) at Sun Jul 17 14:03:04 2005;1;11
Jul 17 14:03:04 combo ftpd[24377]: connection from 207.30.238.8 (host8.topspot.net) at Sun Jul 17 14:03:04 2005;1;11
Jul 17 14:03:05 combo ftpd[24378]: connection from 207.30.238.8 (host8.topspot.net) at Sun Jul 17 14:03:05 2005;1;11
Jul 17 15:09:15 combo ftpd[24465]: connection from 203.101.45.59 (dsl-Chn-static-059.45.101.203.touchtelindia.net) at Sun Jul 17 15:09:15 2005;1;11
Jul 17 15:09:15 combo ftpd[24466]: connection from 203.101.45.59 (dsl-Chn-static-059.45.101.203.touchtelindia.net) at Sun Jul 17 15:09:15 2005;1;11
Jul 17 15:09:15 combo ftpd[24467]: connection from 203.101.45.59 (dsl-Chn-static-059.45.101.203.touchtelindia.net) at Sun Jul 17 15:09:15 2005;1;11
Jul 17 15:09:15 combo ftpd[24468]: connection from 203.101.45.59 (dsl-Chn-static-059.45.101.203.touchtelindia.net) at Sun Jul 17 15:09:15 2005;1;11
Jul 17 15:09:15 combo ftpd[24469]: connection from 203.101.45.59 (dsl-Chn-static-059.45.101.203.touchtelindia.net) at Sun Jul 17 15:09:15 2005;1;11
Jul 17 15:09:15 combo ftpd[24470]: connection from 203.101.45.59 (dsl-Chn-static-059.45.101.203.touchtelindia.net) at Sun Jul 17 15:09:15 2005;1;11
Jul 17 15:09:15 combo ftpd[24471]: connection from 203.101.45.59 (dsl-Chn-static-059.45.101.203.touchtelindia.net) at Sun Jul 17 15:09:15 2005;1;11
Jul 17 15:09:15 combo ftpd[24473]: connection from 203.101.45.59 (dsl-Chn-static-059.45.101.203.touchtelindia.net) at Sun Jul 17 15:09:15 2005;1;11
Jul 17 15:09:15 combo ftpd[24474]: connection from 203.101.45.59 (dsl-Chn-static-059.45.101.203.touchtelindia.net) at Sun Jul 17 15:09:15 2005;1;11
Jul 17 15:09:15 combo ftpd[24475]: connection from 203.101.45.59 (dsl-Chn-static-059.45.101.203.touchtelindia.net) at Sun Jul 17 15:09:15 2005;1;11
Jul 17 15:09:15 combo ftpd[24472]: connection from 203.101.45.59 (dsl-Chn-static-059.45.101.203.touchtelindia.net) at Sun Jul 17 15:09:15 2005;1;11
Jul 17 15:09:15 combo ftpd[24477]: connection from 203.101.45.59 (dsl-Chn-static-059.45.101.203.touchtelindia.net) at Sun Jul 17 15:09:15 2005;1;11
Jul 17 15:09:15 combo ftpd[24478]: connection from 203.101.45.59 (dsl-Chn-static-059.45.101.203.touchtelindia.net) at Sun Jul 17 15:09:15 2005;1;11
Jul 17 15:09:15 combo ftpd[24476]: connection from 203.101.45.59 (dsl-Chn-static-059.45.101.203.touchtelindia.net) at Sun Jul 17 15:09:15 2005;1;11
Jul 17 15:09:15 combo ftpd[24480]: connection from 203.101.45.59 (dsl-Chn-static-059.45.101.203.touchtelindia.net) at Sun Jul 17 15:09:15 2005;1;11
Jul 17 15:09:15 combo ftpd[24479]: connection from 203.101.45.59 (dsl-Chn-static-059.45.101.203.touchtelindia.net) at Sun Jul 17 15:09:15 2005;1;11
Jul 17 15:09:15 combo ftpd[24481]: connection from 203.101.45.59 (dsl-Chn-static-059.45.101.203.touchtelindia.net) at Sun Jul 17 15:09:15 2005;1;11
Jul 17 15:09:15 combo ftpd[24482]: connection from 203.101.45.59 (dsl-Chn-static-059.45.101.203.touchtelindia.net) at Sun Jul 17 15:09:15 2005;1;11
Jul 17 15:09:16 combo ftpd[24483]: connection from 203.101.45.59 (dsl-Chn-static-059.45.101.203.touchtelindia.net) at Sun Jul 17 15:09:16 2005;1;11
Jul 17 15:09:16 combo ftpd[24484]: connection from 203.101.45.59 (dsl-Chn-static-059.45.101.203.touchtelindia.net) at Sun Jul 17 15:09:16 2005;1;11
Jul 17 15:09:16 combo ftpd[24485]: connection from 203.101.45.59 (dsl-Chn-static-059.45.101.203.touchtelindia.net) at Sun Jul 17 15:09:16 2005;1;11
Jul 17 15:09:16 combo ftpd[24486]: connection from 203.101.45.59 (dsl-Chn-static-059.45.101.203.touchtelindia.net) at Sun Jul 17 15:09:16 2005;1;11
Jul 17 15:09:17 combo ftpd[24487]: connection from 203.101.45.59 (dsl-Chn-static-059.45.101.203.touchtelindia.net) at Sun Jul 17 15:09:17 2005;1;11
Jul 17 21:23:20 combo ftpd[25038]: connection from 82.68.222.194 (82-68-222-194.dsl.in-addr.zen.co.uk) at Sun Jul 17 21:23:20 2005;1;11
Jul 17 21:23:20 combo ftpd[25028]: connection from 82.68.222.194 (82-68-222-194.dsl.in-addr.zen.co.uk) at Sun Jul 17 21:23:20 2005;1;11
Jul 17 21:23:20 combo ftpd[25029]: connection from 82.68.222.194 (82-68-222-194.dsl.in-addr.zen.co.uk) at Sun Jul 17 21:23:20 2005;1;11
Jul 17 21:23:20 combo ftpd[25035]: connection from 82.68.222.194 (82-68-222-194.dsl.in-addr.zen.co.uk) at Sun Jul 17 21:23:20 2005;1;11
Jul 17 21:23:20 combo ftpd[25030]: connection from 82.68.222.194 (82-68-222-194.dsl.in-addr.zen.co.uk) at Sun Jul 17 21:23:20 2005;1;11
Jul 17 21:23:20 combo ftpd[25039]: connection from 82.68.222.194 (82-68-222-194.dsl.in-addr.zen.co.uk) at Sun Jul 17 21:23:20 2005;1;11
Jul 17 21:23:20 combo ftpd[25040]: connection from 82.68.222.194 (82-68-222-194.dsl.in-addr.zen.co.uk) at Sun Jul 17 21:23:20 2005;1;11
Jul 17 21:23:20 combo ftpd[25031]: connection from 82.68.222.194 (82-68-222-194.dsl.in-addr.zen.co.uk) at Sun Jul 17 21:23:20 2005;1;11
Jul 17 21:23:20 combo ftpd[25041]: connection from 82.68.222.194 (82-68-222-194.dsl.in-addr.zen.co.uk) at Sun Jul 17 21:23:20 2005;1;11
Jul 17 21:23:20 combo ftpd[25032]: connection from 82.68.222.194 (82-68-222-194.dsl.in-addr.zen.co.uk) at Sun Jul 17 21:23:20 2005;1;11
Jul 17 21:23:20 combo ftpd[25042]: connection from 82.68.222.194 (82-68-222-194.dsl.in-addr.zen.co.uk) at Sun Jul 17 21:23:20 2005;1;11
Jul 17 21:23:20 combo ftpd[25033]: connection from 82.68.222.194 (82-68-222-194.dsl.in-addr.zen.co.uk) at Sun Jul 17 21:23:20 2005;1;11
Jul 17 21:23:20 combo ftpd[25043]: connection from 82.68.222.194 (82-68-222-194.dsl.in-addr.zen.co.uk) at Sun Jul 17 21:23:20 2005;1;11
Jul 17 21:23:20 combo ftpd[25034]: connection from 82.68.222.194 (82-68-222-194.dsl.in-addr.zen.co.uk) at Sun Jul 17 21:23:20 2005;1;11
Jul 17 21:23:20 combo ftpd[25036]: connection from 82.68.222.194 (82-68-222-194.dsl.in-addr.zen.co.uk) at Sun Jul 17 21:23:20 2005;1;11
Jul 17 21:23:20 combo ftpd[25037]: connection from 82.68.222.194 (82-68-222-194.dsl.in-addr.zen.co.uk) at Sun Jul 17 21:23:20 2005;1;11
Jul 17 21:23:23 combo ftpd[25044]: connection from 82.68.222.194 (82-68-222-194.dsl.in-addr.zen.co.uk) at Sun Jul 17 21:23:23 2005;1;11
Jul 17 21:23:24 combo ftpd[25045]: connection from 82.68.222.194 (82-68-222-194.dsl.in-addr.zen.co.uk) at Sun Jul 17 21:23:24 2005;1;11
Jul 17 21:23:24 combo ftpd[25046]: connection from 82.68.222.194 (82-68-222-194.dsl.in-addr.zen.co.uk) at Sun Jul 17 21:23:24 2005;1;11
Jul 17 21:23:24 combo ftpd[25047]: connection from 82.68.222.194 (82-68-222-194.dsl.in-addr.zen.co.uk) at Sun Jul 17 21:23:24 2005;1;11
Jul 17 21:23:24 combo ftpd[25048]: connection from 82.68.222.194 (82-68-222-194.dsl.in-addr.zen.co.uk) at Sun Jul 17 21:23:24 2005;1;11
Jul 17 21:23:24 combo ftpd[25049]: connection from 82.68.222.194 (82-68-222-194.dsl.in-addr.zen.co.uk) at Sun Jul 17 21:23:24 2005;1;11
Jul 17 21:23:24 combo ftpd[25050]: connection from 82.68.222.194 (82-68-222-194.dsl.in-addr.zen.co.uk) at Sun Jul 17 21:23:24 2005;1;11
Jul 17 23:21:50 combo ftpd[25217]: connection from 82.68.222.195 (82-68-222-195.dsl.in-addr.zen.co.uk) at Sun Jul 17 23:21:50 2005;1;11
Jul 17 23:21:54 combo ftpd[25218]: connection from 82.68.222.195 (82-68-222-195.dsl.in-addr.zen.co.uk) at Sun Jul 17 23:21:54 2005;1;11
Jul 17 23:21:54 combo ftpd[25219]: connection from 82.68.222.195 (82-68-222-195.dsl.in-addr.zen.co.uk) at Sun Jul 17 23:21:54 2005;1;11
Jul 17 23:21:54 combo ftpd[25220]: connection from 82.68.222.195 (82-68-222-195.dsl.in-addr.zen.co.uk) at Sun Jul 17 23:21:54 2005;1;11
Jul 17 23:21:54 combo ftpd[25221]: connection from 82.68.222.195 (82-68-222-195.dsl.in-addr.zen.co.uk) at Sun Jul 17 23:21:54 2005;1;11
Jul 17 23:21:54 combo ftpd[25222]: connection from 82.68.222.195 (82-68-222-195.dsl.in-addr.zen.co.uk) at Sun Jul 17 23:21:54 2005;1;11
Jul 17 23:21:54 combo ftpd[25223]: connection from 82.68.222.195 (82-68-222-195.dsl.in-addr.zen.co.uk) at Sun Jul 17 23:21:54 2005;1;11
Jul 17 23:21:54 combo ftpd[25225]: connection from 82.68.222.195 (82-68-222-195.dsl.in-addr.zen.co.uk) at Sun Jul 17 23:21:54 2005;1;11
Jul 17 23:21:54 combo ftpd[25224]: connection from 82.68.222.195 (82-68-222-195.dsl.in-addr.zen.co.uk) at Sun Jul 17 23:21:54 2005;1;11
Jul 17 23:21:54 combo ftpd[25226]: connection from 82.68.222.195 (82-68-222-195.dsl.in-addr.zen.co.uk) at Sun Jul 17 23:21:54 2005;1;11
Jul 17 23:21:54 combo ftpd[25227]: connection from 82.68.222.195 (82-68-222-195.dsl.in-addr.zen.co.uk) at Sun Jul 17 23:21:54 2005;1;11
Jul 17 23:21:54 combo ftpd[25228]: connection from 82.68.222.195 (82-68-222-195.dsl.in-addr.zen.co.uk) at Sun Jul 17 23:21:54 2005;1;11
Jul 17 23:21:54 combo ftpd[25229]: connection from 82.68.222.195 (82-68-222-195.dsl.in-addr.zen.co.uk) at Sun Jul 17 23:21:54 2005;1;11
Jul 17 23:21:54 combo ftpd[25230]: connection from 82.68.222.195 (82-68-222-195.dsl.in-addr.zen.co.uk) at Sun Jul 17 23:21:54 2005;1;11
Jul 17 23:21:54 combo ftpd[25231]: connection from 82.68.222.195 (82-68-222-195.dsl.in-addr.zen.co.uk) at Sun Jul 17 23:21:54 2005;1;11
Jul 17 23:21:54 combo ftpd[25232]: connection from 82.68.222.195 (82-68-222-195.dsl.in-addr.zen.co.uk) at Sun Jul 17 23:21:54 2005;1;11
Jul 17 23:21:54 combo ftpd[25233]: connection from 82.68.222.195 (82-68-222-195.dsl.in-addr.zen.co.uk) at Sun Jul 17 23:21:54 2005;1;11
Jul 17 23:21:54 combo ftpd[25234]: connection from 82.68.222.195 (82-68-222-195.dsl.in-addr.zen.co.uk) at Sun Jul 17 23:21:54 2005;1;11
Jul 17 23:21:54 combo ftpd[25235]: connection from 82.68.222.195 (82-68-222-195.dsl.in-addr.zen.co.uk) at Sun Jul 17 23:21:54 2005;1;11
Jul 17 23:21:54 combo ftpd[25236]: connection from 82.68.222.195 (82-68-222-195.dsl.in-addr.zen.co.uk) at Sun Jul 17 23:21:54 2005;1;11
Jul 17 23:21:54 combo ftpd[25237]: connection from 82.68.222.195 (82-68-222-195.dsl.in-addr.zen.co.uk) at Sun Jul 17 23:21:54 2005;1;11
Jul 17 23:21:54 combo ftpd[25238]: connection from 82.68.222.195 (82-68-222-195.dsl.in-addr.zen.co.uk) at Sun Jul 17 23:21:54 2005;1;11
Jul 17 23:21:54 combo ftpd[25239]: connection from 82.68.222.195 (82-68-222-195.dsl.in-addr.zen.co.uk) at Sun Jul 17 23:21:54 2005;1;11
Jul 18 03:26:48 combo ftpd[25628]: connection from 211.72.151.162 () at Mon Jul 18 03:26:48 2005;1;11
Jul 18 03:26:48 combo ftpd[25629]: connection from 211.72.151.162 () at Mon Jul 18 03:26:48 2005;1;11
Jul 18 03:26:48 combo ftpd[25630]: connection from 211.72.151.162 () at Mon Jul 18 03:26:48 2005;1;11
Jul 18 03:26:48 combo ftpd[25631]: connection from 211.72.151.162 () at Mon Jul 18 03:26:48 2005;1;11
Jul 18 03:26:48 combo ftpd[25632]: connection from 211.72.151.162 () at Mon Jul 18 03:26:48 2005;1;11
Jul 18 03:26:48 combo ftpd[25633]: connection from 211.72.151.162 () at Mon Jul 18 03:26:48 2005;1;11
Jul 18 03:26:48 combo ftpd[25634]: connection from 211.72.151.162 () at Mon Jul 18 03:26:48 2005;1;11
Jul 18 03:26:48 combo ftpd[25635]: connection from 211.72.151.162 () at Mon Jul 18 03:26:48 2005;1;11
Jul 18 03:26:49 combo ftpd[25638]: connection from 211.72.151.162 () at Mon Jul 18 03:26:49 2005;1;11
Jul 18 03:26:49 combo ftpd[25636]: connection from 211.72.151.162 () at Mon Jul 18 03:26:49 2005;1;11
Jul 18 03:26:49 combo ftpd[25637]: connection from 211.72.151.162 () at Mon Jul 18 03:26:49 2005;1;11
Jul 18 03:26:49 combo ftpd[25639]: connection from 211.72.151.162 () at Mon Jul 18 03:26:49 2005;1;11
Jul 18 03:26:49 combo ftpd[25640]: connection from 211.72.151.162 () at Mon Jul 18 03:26:49 2005;1;11
Jul 18 03:26:49 combo ftpd[25641]: connection from 211.72.151.162 () at Mon Jul 18 03:26:49 2005;1;11
Jul 18 03:26:49 combo ftpd[25643]: connection from 211.72.151.162 () at Mon Jul 18 03:26:49 2005;1;11
Jul 18 03:26:49 combo ftpd[25644]: connection from 211.72.151.162 () at Mon Jul 18 03:26:49 2005;1;11
Jul 18 03:26:49 combo ftpd[25645]: connection from 211.72.151.162 () at Mon Jul 18 03:26:49 2005;1;11
Jul 18 03:26:49 combo ftpd[25642]: connection from 211.72.151.162 () at Mon Jul 18 03:26:49 2005;1;11
Jul 18 03:26:49 combo ftpd[25646]: connection from 211.72.151.162 () at Mon Jul 18 03:26:49 2005;1;11
Jul 18 03:26:49 combo ftpd[25648]: connection from 211.72.151.162 () at Mon Jul 18 03:26:49 2005;1;11
Jul 18 03:26:49 combo ftpd[25647]: connection from 211.72.151.162 () at Mon Jul 18 03:26:49 2005;1;11
Jul 18 04:03:24 combo su(pam_unix)[26046]: session opened for user cyrus by (uid=0);1;11
Jul 18 04:03:24 combo su(pam_unix)[26046]: session closed for user cyrus;1;11
Jul 18 04:03:25 combo logrotate: ALERT exited abnormally with [1];1;11
Jul 18 04:09:29 combo su(pam_unix)[27272]: session opened for user news by (uid=0);1;11
Jul 18 04:09:30 combo su(pam_unix)[27272]: session closed for user news;1;11
"Jul 18 23:01:25 combo sshd(pam_unix)[28975]: check pass; user unknown";1;11
"Jul 18 23:01:25 combo sshd(pam_unix)[28975]: authentication failure; logname= uid=0 euid=0 tty=NODEVssh ruser= rhost=211-76-104-65.ebix.net.tw";1;11
"Jul 18 23:01:25 combo sshd(pam_unix)[28977]: check pass; user unknown";1;11
"Jul 18 23:01:25 combo sshd(pam_unix)[28977]: authentication failure; logname= uid=0 euid=0 tty=NODEVssh ruser= rhost=211-76-104-65.ebix.net.tw";1;11
"Jul 18 23:01:25 combo sshd(pam_unix)[28980]: check pass; user unknown";1;11
"Jul 18 23:01:25 combo sshd(pam_unix)[28980]: authentication failure; logname= uid=0 euid=0 tty=NODEVssh ruser= rhost=211-76-104-65.ebix.net.tw";1;11
"Jul 18 23:01:25 combo sshd(pam_unix)[28978]: check pass; user unknown";1;11
"Jul 18 23:01:25 combo sshd(pam_unix)[28978]: authentication failure; logname= uid=0 euid=0 tty=NODEVssh ruser= rhost=211-76-104-65.ebix.net.tw";1;11
"Jul 18 23:01:26 combo sshd(pam_unix)[28983]: check pass; user unknown";1;11
"Jul 18 23:01:26 combo sshd(pam_unix)[28983]: authentication failure; logname= uid=0 euid=0 tty=NODEVssh ruser= rhost=211-76-104-65.ebix.net.tw";1;11
"Jul 18 23:01:27 combo sshd(pam_unix)[28986]: check pass; user unknown";1;11
"Jul 18 23:01:27 combo sshd(pam_unix)[28986]: authentication failure; logname= uid=0 euid=0 tty=NODEVssh ruser= rhost=211-76-104-65.ebix.net.tw";1;11
"Jul 18 23:01:27 combo sshd(pam_unix)[28985]: check pass; user unknown";1;11
"Jul 18 23:01:27 combo sshd(pam_unix)[28985]: authentication failure; logname= uid=0 euid=0 tty=NODEVssh ruser= rhost=211-76-104-65.ebix.net.tw";1;11
"Jul 18 23:01:27 combo sshd(pam_unix)[28987]: check pass; user unknown";1;11
"Jul 18 23:01:27 combo sshd(pam_unix)[28987]: authentication failure; logname= uid=0 euid=0 tty=NODEVssh ruser= rhost=211-76-104-65.ebix.net.tw";1;11
"Jul 18 23:01:27 combo sshd(pam_unix)[28988]: check pass; user unknown";1;11
"Jul 18 23:01:27 combo sshd(pam_unix)[28988]: authentication failure; logname= uid=0 euid=0 tty=NODEVssh ruser= rhost=211-76-104-65.ebix.net.tw";1;11
"Jul 18 23:01:27 combo sshd(pam_unix)[28991]: check pass; user unknown";1;11
"Jul 18 23:01:27 combo sshd(pam_unix)[28991]: authentication failure; logname= uid=0 euid=0 tty=NODEVssh ruser= rhost=211-76-104-65.ebix.net.tw";1;11
Jul 19 04:03:43 combo su(pam_unix)[29758]: session opened for user cyrus by (uid=0);1;11
Jul 19 04:03:44 combo su(pam_unix)[29758]: session closed for user cyrus;1;11
Jul 19 04:03:45 combo logrotate: ALERT exited abnormally with [1];1;11
Jul 19 04:09:28 combo su(pam_unix)[30128]: session opened for user news by (uid=0);1;11
Jul 19 04:09:29 combo su(pam_unix)[30128]: session closed for user news;1;11
"Jul 19 07:35:41 combo sshd(pam_unix)[30500]: authentication failure; logname= uid=0 euid=0 tty=NODEVssh ruser= rhost=202.181.236.180  user=root";1;11
"Jul 19 07:35:41 combo sshd(pam_unix)[30510]: authentication failure; logname= uid=0 euid=0 tty=NODEVssh ruser= rhost=202.181.236.180  user=root";1;11
