log;lesID
07-Nov-2011 01:57:41.483 queries: info: client 7.204.241.161#62173: query: www1.hq.bluenet.usma.bluenet IN A +;12
07-Nov-2011 01:57:54.181 queries: info: client 10.1.60.253#59576: query: www.usma.bluenet IN A +;12
07-Nov-2011 01:57:54.237 queries: info: client 10.1.60.253#53699: query: ns1.usma.bluenet IN A +;12
07-Nov-2011 01:57:54.268 queries: info: client 10.1.60.253#55537: query: jabber.usma.bluenet IN A +;12
07-Nov-2011 01:57:54.410 queries: info: client 7.204.241.161#52538: query: 253.60.1.10.in-addr.arpa IN PTR +;12
07-Nov-2011 01:57:55.868 queries: info: client 10.1.60.253#54331: query: smtp.usma.bluenet IN A +;12
07-Nov-2011 01:58:14.186 queries: info: client 7.204.241.161#56866: query: 203.60.1.10.in-addr.arpa IN PTR +;12
07-Nov-2011 01:58:14.234 queries: info: client 10.1.60.203#64453: query: jabber.usma.bluenet IN A +;12
07-Nov-2011 01:58:17.642 queries: info: client 7.204.241.161#57280: query: 181.190.75.3.in-addr.arpa IN PTR +;12
07-Nov-2011 01:58:17.731 queries: info: client 3.75.190.181#49623: query: jabber.usma.bluenet IN A +;12
07-Nov-2011 01:58:24.388 queries: info: client 10.1.20.5#61197: query: usma.bluenet IN SOA -;12
07-Nov-2011 01:59:14.095 queries: info: client 7.204.241.161#59614: query: 203.60.1.10.in-addr.arpa IN PTR +;12
07-Nov-2011 01:59:14.174 queries: info: client 10.1.60.203#52710: query: jabber.usma.bluenet IN A +;12
07-Nov-2011 01:59:17.132 queries: info: client 7.204.241.161#65030: query: uscga.bluenet IN MX +;12
07-Nov-2011 01:59:17.351 queries: info: client 7.204.241.161#57699: query: exc2.uscga.bluenet IN A +;12
07-Nov-2011 01:59:24.019 queries: info: client 7.204.241.161#61845: query: 181.190.75.3.in-addr.arpa IN PTR +;12
07-Nov-2011 01:59:24.073 queries: info: client 3.75.190.181#61410: query: jabber.usma.bluenet IN A +;12
07-Nov-2011 01:59:37.022 queries: info: client 7.204.241.161#55017: query: 10.20.1.10.in-addr.arpa IN PTR +;12
07-Nov-2011 02:00:14.257 queries: info: client 7.204.241.161#50336: query: 203.60.1.10.in-addr.arpa IN PTR +;12
07-Nov-2011 02:00:14.301 queries: info: client 10.1.60.203#62589: query: jabber.usma.bluenet IN A +;12
07-Nov-2011 02:00:23.796 queries: info: client 7.204.241.161#57353: query: 181.190.75.3.in-addr.arpa IN PTR +;12
07-Nov-2011 02:00:23.831 queries: info: client 3.75.190.181#60795: query: jabber.usma.bluenet IN A +;12
07-Nov-2011 02:00:24.736 queries: info: client 10.1.20.5#54131: query: usma.bluenet IN SOA -;12
07-Nov-2011 02:01:14.147 queries: info: client 7.204.241.161#56985: query: 203.60.1.10.in-addr.arpa IN PTR +;12
07-Nov-2011 02:01:14.193 queries: info: client 10.1.60.203#61614: query: jabber.usma.bluenet IN A +;12
07-Nov-2011 02:01:23.853 queries: info: client 7.204.241.161#64866: query: 181.190.75.3.in-addr.arpa IN PTR +;12
07-Nov-2011 02:01:23.879 queries: info: client 3.75.190.181#62511: query: jabber.usma.bluenet IN A +;12
07-Nov-2011 02:02:14.323 queries: info: client 7.204.241.161#60473: query: 203.60.1.10.in-addr.arpa IN PTR +;12
07-Nov-2011 02:02:14.362 queries: info: client 10.1.60.203#55046: query: jabber.usma.bluenet IN A +;12
07-Nov-2011 02:02:23.700 queries: info: client 7.204.241.161#53052: query: 181.190.75.3.in-addr.arpa IN PTR +;12
07-Nov-2011 02:02:23.724 queries: info: client 3.75.190.181#54276: query: jabber.usma.bluenet IN A +;12
07-Nov-2011 02:02:24.883 queries: info: client 10.1.20.5#64749: query: usma.bluenet IN SOA -;12
07-Nov-2011 02:02:30.505 queries: info: client 3.75.190.181#59077: query: en-us.fxfeeds.mozilla.com IN A +;12
07-Nov-2011 02:02:30.506 queries: info: client 3.75.190.181#64308: query: en-us.fxfeeds.mozilla.com IN AAAA +;12
07-Nov-2011 02:02:30.507 queries: info: client 3.75.190.181#59841: query: en-us.fxfeeds.mozilla.com.usma.bluenet IN A +;12
07-Nov-2011 02:02:30.509 queries: info: client 3.75.190.181#58741: query: en-us.fxfeeds.mozilla.com.usma.bluenet IN AAAA +;12
07-Nov-2011 02:02:41.637 queries: info: client 7.204.241.161#52650: query: 20.10.1.10.in-addr.arpa IN PTR +;12
07-Nov-2011 02:02:41.638 queries: info: client 7.204.241.161#60963: query: www1.hq.bluenet IN A +;12
07-Nov-2011 02:02:41.639 queries: info: client 7.204.241.161#51789: query: www1.hq.bluenet IN A +;12
07-Nov-2011 02:02:41.640 queries: info: client 7.204.241.161#57852: query: www1.hq.bluenet.usma.bluenet IN A +;12
07-Nov-2011 02:03:03.407 queries: info: client 7.204.241.161#53895: query: 253.60.1.10.in-addr.arpa IN PTR +;12
07-Nov-2011 02:03:03.730 queries: info: client 10.1.60.253#65503: query: ns1.usma.bluenet IN A +;12
07-Nov-2011 02:03:03.733 queries: info: client 10.1.60.253#64094: query: smtp.usma.bluenet IN A +;12
07-Nov-2011 02:03:03.824 queries: info: client 10.1.60.253#64491: query: jabber.usma.bluenet IN A +;12
07-Nov-2011 02:03:03.929 queries: info: client 10.1.60.253#53786: query: www.usma.bluenet IN A +;12
07-Nov-2011 02:03:14.260 queries: info: client 7.204.241.161#56727: query: 203.60.1.10.in-addr.arpa IN PTR +;12
07-Nov-2011 02:03:14.308 queries: info: client 10.1.60.203#55559: query: jabber.usma.bluenet IN A +;12
07-Nov-2011 02:03:23.754 queries: info: client 7.204.241.161#61870: query: 181.190.75.3.in-addr.arpa IN PTR +;12
07-Nov-2011 02:03:23.787 queries: info: client 3.75.190.181#64071: query: jabber.usma.bluenet IN A +;12
07-Nov-2011 02:03:25.208 queries: info: client 10.1.20.5#63596: query: usma.bluenet IN SOA -;12
07-Nov-2011 02:04:14.189 queries: info: client 7.204.241.161#63818: query: 203.60.1.10.in-addr.arpa IN PTR +;12
07-Nov-2011 02:04:14.287 queries: info: client 10.1.60.203#54685: query: jabber.usma.bluenet IN A +;12
07-Nov-2011 02:04:17.223 queries: info: client 7.204.241.161#56532: query: hq.bluenet IN MX +;12
07-Nov-2011 02:04:17.225 queries: info: client 7.204.241.161#51730: query: hq.bluenet IN MX +;12
07-Nov-2011 02:04:23.727 queries: info: client 7.204.241.161#59375: query: 181.190.75.3.in-addr.arpa IN PTR +;12
07-Nov-2011 02:04:23.790 queries: info: client 3.75.190.181#61192: query: jabber.usma.bluenet IN A +;12
07-Nov-2011 02:05:14.166 queries: info: client 7.204.241.161#64490: query: 203.60.1.10.in-addr.arpa IN PTR +;12
07-Nov-2011 02:05:14.207 queries: info: client 10.1.60.203#51114: query: jabber.usma.bluenet IN A +;12
07-Nov-2011 02:05:23.700 queries: info: client 7.204.241.161#53816: query: 181.190.75.3.in-addr.arpa IN PTR +;12
07-Nov-2011 02:05:23.789 queries: info: client 3.75.190.181#52224: query: jabber.usma.bluenet IN A +;12
07-Nov-2011 02:05:25.338 queries: info: client 10.1.20.5#55636: query: usma.bluenet IN SOA -;12
07-Nov-2011 02:06:14.313 queries: info: client 7.204.241.161#53159: query: 203.60.1.10.in-addr.arpa IN PTR +;12
07-Nov-2011 02:06:14.357 queries: info: client 10.1.60.203#59452: query: jabber.usma.bluenet IN A +;12
07-Nov-2011 02:06:17.257 queries: info: client 127.0.0.1#60230: query: smtp.afit2.bluenet IN A +;12
07-Nov-2011 02:06:23.656 queries: info: client 7.204.241.161#57953: query: 181.190.75.3.in-addr.arpa IN PTR +;12
07-Nov-2011 02:06:23.696 queries: info: client 3.75.190.181#54918: query: jabber.usma.bluenet IN A +;12
07-Nov-2011 02:06:47.031 queries: info: client 127.0.0.1#60360: query: smtp.afit2.bluenet IN A +;12
07-Nov-2011 02:06:50.529 queries: info: client 127.0.0.1#52192: query: smtp.usma.bluenet IN A +;12
07-Nov-2011 02:07:01.959 queries: info: client 127.0.0.1#65158: query: smtp.usna.bluenet IN A +;12
07-Nov-2011 02:07:09.844 queries: info: client 127.0.0.1#63837: query: smtp.usna.bluenet IN A +;12
07-Nov-2011 02:07:12.135 queries: info: client 127.0.0.1#56998: query: smtp.usma.bluenet IN A +;12
07-Nov-2011 02:07:14.217 queries: info: client 7.204.241.161#62968: query: 203.60.1.10.in-addr.arpa IN PTR +;12
07-Nov-2011 02:07:14.257 queries: info: client 10.1.60.203#62368: query: jabber.usma.bluenet IN A +;12
07-Nov-2011 02:07:14.866 queries: info: client 127.0.0.1#62234: query: smtp.usna.bluenet IN A +;12
07-Nov-2011 02:07:25.111 queries: info: client 127.0.0.1#62894: query: smtp.afit2.bluenet IN A +;12
07-Nov-2011 02:07:25.882 queries: info: client 10.1.20.5#60754: query: usma.bluenet IN SOA -;12
07-Nov-2011 02:07:26.860 queries: info: client 127.0.0.1#49858: query: smtp.usna.bluenet IN A +;12
07-Nov-2011 02:07:31.458 queries: info: client 127.0.0.1#64886: query: smtp.usma.bluenet IN A +;12
07-Nov-2011 02:07:35.948 queries: info: client 7.204.241.161#62268: query: 181.190.75.3.in-addr.arpa IN PTR +;12
07-Nov-2011 02:07:35.987 queries: info: client 3.75.190.181#63618: query: jabber.usma.bluenet IN A +;12
07-Nov-2011 02:07:42.720 queries: info: client 7.204.241.161#65529: query: 20.10.1.10.in-addr.arpa IN PTR +;12
07-Nov-2011 02:07:42.721 queries: info: client 7.204.241.161#62833: query: www1.hq.bluenet IN A +;12
07-Nov-2011 02:07:42.722 queries: info: client 7.204.241.161#59204: query: www1.hq.bluenet IN A +;12
07-Nov-2011 02:07:42.724 queries: info: client 7.204.241.161#63731: query: www1.hq.bluenet.usma.bluenet IN A +;12
07-Nov-2011 02:07:45.495 queries: info: client 3.75.190.181#63448: query: en-us.fxfeeds.mozilla.com IN A +;12
07-Nov-2011 02:07:45.497 queries: info: client 3.75.190.181#52273: query: en-us.fxfeeds.mozilla.com IN AAAA +;12
07-Nov-2011 02:07:45.498 queries: info: client 3.75.190.181#62737: query: en-us.fxfeeds.mozilla.com.usma.bluenet IN A +;12
07-Nov-2011 02:07:45.499 queries: info: client 3.75.190.181#63683: query: en-us.fxfeeds.mozilla.com.usma.bluenet IN AAAA +;12
07-Nov-2011 02:08:14.168 queries: info: client 7.204.241.161#61625: query: 203.60.1.10.in-addr.arpa IN PTR +;12
07-Nov-2011 02:08:14.198 queries: info: client 10.1.60.203#60285: query: jabber.usma.bluenet IN A +;12
07-Nov-2011 02:08:19.559 queries: info: client 127.0.0.1#61785: query: smtp.usna.bluenet IN A +;12
07-Nov-2011 02:08:24.445 queries: info: client 7.204.241.161#50398: query: 253.60.1.10.in-addr.arpa IN PTR +;12
07-Nov-2011 02:08:25.086 queries: info: client 10.1.60.253#65037: query: ns1.usma.bluenet IN A +;12
07-Nov-2011 02:08:25.239 queries: info: client 10.1.60.253#61457: query: jabber.usma.bluenet IN A +;12
07-Nov-2011 02:08:25.317 queries: info: client 10.1.60.253#62111: query: smtp.usma.bluenet IN A +;12
07-Nov-2011 02:08:25.454 queries: info: client 10.1.60.253#64311: query: www.usma.bluenet IN A +;12
07-Nov-2011 02:08:35.786 queries: info: client 7.204.241.161#58646: query: 181.190.75.3.in-addr.arpa IN PTR +;12
07-Nov-2011 02:08:35.815 queries: info: client 3.75.190.181#54526: query: jabber.usma.bluenet IN A +;12
07-Nov-2011 02:08:39.007 queries: info: client 127.0.0.1#56034: query: smtp.afit2.bluenet IN A +;12
07-Nov-2011 02:09:14.353 queries: info: client 7.204.241.161#50301: query: 203.60.1.10.in-addr.arpa IN PTR +;12
07-Nov-2011 02:09:14.395 queries: info: client 10.1.60.203#62234: query: jabber.usma.bluenet IN A +;12
07-Nov-2011 02:09:26.083 queries: info: client 10.1.20.5#64700: query: usma.bluenet IN SOA -;12
07-Nov-2011 02:09:35.812 queries: info: client 7.204.241.161#60089: query: 181.190.75.3.in-addr.arpa IN PTR +;12
07-Nov-2011 02:09:35.849 queries: info: client 3.75.190.181#62607: query: jabber.usma.bluenet IN A +;12
07-Nov-2011 02:10:14.305 queries: info: client 7.204.241.161#53030: query: 203.60.1.10.in-addr.arpa IN PTR +;12
07-Nov-2011 02:10:14.326 queries: info: client 10.1.60.203#56823: query: jabber.usma.bluenet IN A +;12
07-Nov-2011 02:10:26.527 queries: info: client 10.1.20.5#59231: query: usma.bluenet IN SOA -;12
07-Nov-2011 02:10:35.814 queries: info: client 7.204.241.161#56278: query: 181.190.75.3.in-addr.arpa IN PTR +;12
07-Nov-2011 02:10:35.829 queries: info: client 3.75.190.181#51694: query: jabber.usma.bluenet IN A +;12
07-Nov-2011 02:11:14.203 queries: info: client 7.204.241.161#56594: query: 203.60.1.10.in-addr.arpa IN PTR +;12
07-Nov-2011 02:11:14.225 queries: info: client 10.1.60.203#54242: query: jabber.usma.bluenet IN A +;12
07-Nov-2011 02:11:35.783 queries: info: client 3.75.190.181#57929: query: jabber.usma.bluenet IN A +;12
07-Nov-2011 02:11:35.796 queries: info: client 7.204.241.161#64318: query: 181.190.75.3.in-addr.arpa IN PTR +;12
07-Nov-2011 02:11:53.534 queries: info: client 31.154.241.4#60834: query: ntp.hq.blueteam IN A +;12
07-Nov-2011 02:12:14.105 queries: info: client 7.204.241.161#55852: query: 203.60.1.10.in-addr.arpa IN PTR +;12
07-Nov-2011 02:12:14.150 queries: info: client 10.1.60.203#63868: query: jabber.usma.bluenet IN A +;12
07-Nov-2011 02:12:26.748 queries: info: client 10.1.20.5#62426: query: usma.bluenet IN SOA -;12
07-Nov-2011 02:12:35.831 queries: info: client 7.204.241.161#62413: query: 181.190.75.3.in-addr.arpa IN PTR +;12
07-Nov-2011 02:12:35.866 queries: info: client 3.75.190.181#62923: query: jabber.usma.bluenet IN A +;12
07-Nov-2011 02:13:00.497 queries: info: client 3.75.190.181#60535: query: en-us.fxfeeds.mozilla.com IN A +;12
07-Nov-2011 02:13:00.498 queries: info: client 3.75.190.181#53679: query: en-us.fxfeeds.mozilla.com IN AAAA +;12
07-Nov-2011 02:13:00.499 queries: info: client 3.75.190.181#49577: query: en-us.fxfeeds.mozilla.com.usma.bluenet IN A +;12
07-Nov-2011 02:13:00.501 queries: info: client 3.75.190.181#53786: query: en-us.fxfeeds.mozilla.com.usma.bluenet IN AAAA +;12
07-Nov-2011 02:13:14.265 queries: info: client 7.204.241.161#61186: query: 203.60.1.10.in-addr.arpa IN PTR +;12
07-Nov-2011 02:13:14.337 queries: info: client 10.1.60.203#49531: query: jabber.usma.bluenet IN A +;12
07-Nov-2011 02:13:35.828 queries: info: client 7.204.241.161#49815: query: 181.190.75.3.in-addr.arpa IN PTR +;12
07-Nov-2011 02:13:35.908 queries: info: client 3.75.190.181#64963: query: jabber.usma.bluenet IN A +;12
07-Nov-2011 02:14:05.358 queries: info: client 7.204.241.161#63805: query: 253.60.1.10.in-addr.arpa IN PTR +;12
07-Nov-2011 02:14:05.714 queries: info: client 10.1.60.253#52872: query: jabber.usma.bluenet IN A +;12
07-Nov-2011 02:14:06.634 queries: info: client 10.1.60.253#60011: query: ns1.usma.bluenet IN A +;12
07-Nov-2011 02:14:06.694 queries: info: client 10.1.60.253#54251: query: www.usma.bluenet IN A +;12
07-Nov-2011 02:14:06.801 queries: info: client 10.1.60.253#57487: query: smtp.usma.bluenet IN A +;12
07-Nov-2011 02:14:14.205 queries: info: client 7.204.241.161#58963: query: 203.60.1.10.in-addr.arpa IN PTR +;12
07-Nov-2011 02:14:14.248 queries: info: client 10.1.60.203#50471: query: jabber.usma.bluenet IN A +;12
07-Nov-2011 02:14:27.151 queries: info: client 10.1.20.5#64653: query: usma.bluenet IN SOA -;12
07-Nov-2011 02:14:35.814 queries: info: client 7.204.241.161#64654: query: 181.190.75.3.in-addr.arpa IN PTR +;12
07-Nov-2011 02:14:35.892 queries: info: client 3.75.190.181#58226: query: jabber.usma.bluenet IN A +;12
07-Nov-2011 02:15:14.125 queries: info: client 7.204.241.161#63741: query: 203.60.1.10.in-addr.arpa IN PTR +;12
07-Nov-2011 02:15:14.161 queries: info: client 10.1.60.203#57137: query: jabber.usma.bluenet IN A +;12
07-Nov-2011 02:15:27.422 queries: info: client 10.1.20.5#54776: query: usma.bluenet IN SOA -;12
07-Nov-2011 02:15:35.780 queries: info: client 7.204.241.161#56083: query: 181.190.75.3.in-addr.arpa IN PTR +;12
07-Nov-2011 02:15:35.878 queries: info: client 3.75.190.181#57391: query: jabber.usma.bluenet IN A +;12
07-Nov-2011 02:16:13.019 queries: info: client 7.204.241.161#52558: query: 20.10.1.10.in-addr.arpa IN PTR +;12
07-Nov-2011 02:16:13.277 queries: info: client 7.204.241.161#63879: query: www1.hq.bluenet IN A +;12
07-Nov-2011 02:16:13.278 queries: info: client 7.204.241.161#61663: query: www1.hq.bluenet IN A +;12
07-Nov-2011 02:16:13.279 queries: info: client 7.204.241.161#51260: query: www1.hq.bluenet.usma.bluenet IN A +;12
07-Nov-2011 02:16:14.318 queries: info: client 7.204.241.161#57700: query: 203.60.1.10.in-addr.arpa IN PTR +;12
07-Nov-2011 02:16:14.360 queries: info: client 10.1.60.203#53987: query: jabber.usma.bluenet IN A +;12
07-Nov-2011 02:16:28.417 queries: info: client 10.1.20.5#63307: query: usma.bluenet IN SOA -;12
07-Nov-2011 02:16:35.720 queries: info: client 7.204.241.161#62668: query: 181.190.75.3.in-addr.arpa IN PTR +;12
07-Nov-2011 02:16:35.776 queries: info: client 3.75.190.181#51266: query: jabber.usma.bluenet IN A +;12
07-Nov-2011 02:16:57.382 queries: info: client 31.154.241.4#58775: query: www.msftncsi.com IN A +;12
07-Nov-2011 02:17:14.351 queries: info: client 7.204.241.161#60503: query: 203.60.1.10.in-addr.arpa IN PTR +;12
07-Nov-2011 02:17:14.390 queries: info: client 10.1.60.203#57164: query: jabber.usma.bluenet IN A +;12
07-Nov-2011 02:17:23.302 queries: info: client 127.0.0.1#57275: query: q.bluenet IN A +;12
07-Nov-2011 02:17:28.256 queries: info: client 127.0.0.1#55900: query: hq.bluenet IN A +;12
07-Nov-2011 02:17:29.351 queries: info: client 10.1.20.5#50627: query: usma.bluenet IN SOA -;12
07-Nov-2011 02:17:35.723 queries: info: client 7.204.241.161#51349: query: 181.190.75.3.in-addr.arpa IN PTR +;12
07-Nov-2011 02:17:35.770 queries: info: client 3.75.190.181#54597: query: jabber.usma.bluenet IN A +;12
07-Nov-2011 02:17:37.685 queries: info: client 7.204.241.161#61111: query: 10.10.1.10.in-addr.arpa IN PTR +;12
07-Nov-2011 02:17:37.939 queries: info: client 7.204.241.161#49436: query: smtp.hq.bluenet IN A +;12
07-Nov-2011 02:17:37.940 queries: info: client 7.204.241.161#56920: query: smtp.hq.bluenet IN A +;12
07-Nov-2011 02:17:37.942 queries: info: client 7.204.241.161#52266: query: smtp.hq.bluenet.usma.bluenet IN A +;12
07-Nov-2011 02:17:38.957 queries: info: client 127.0.0.1#58212: query: hq.bluenet IN A +;12
07-Nov-2011 02:17:38.958 queries: info: client 127.0.0.1#56916: query: hq.bluenet IN A +;12
07-Nov-2011 02:17:41.865 queries: info: client 7.204.241.161#50236: query: 20.10.1.10.in-addr.arpa IN PTR +;12
07-Nov-2011 02:17:41.866 queries: info: client 7.204.241.161#64432: query: www1.hq.bluenet IN A +;12
07-Nov-2011 02:17:41.867 queries: info: client 7.204.241.161#56227: query: www1.hq.bluenet IN A +;12
07-Nov-2011 02:17:41.868 queries: info: client 7.204.241.161#53698: query: www1.hq.bluenet.usma.bluenet IN A +;12
07-Nov-2011 02:17:58.033 queries: info: client 127.0.0.1#57546: query: usna.bluuenet IN A +;12
07-Nov-2011 02:17:58.295 queries: info: client 127.0.0.1#54911: query: usna.bluuenet IN A +;12
07-Nov-2011 02:18:00.615 queries: info: client 3.75.190.181#64985: query: en-us.fxfeeds.mozilla.com IN A +;12
07-Nov-2011 02:18:00.616 queries: info: client 3.75.190.181#59156: query: en-us.fxfeeds.mozilla.com IN AAAA +;12
07-Nov-2011 02:18:00.618 queries: info: client 3.75.190.181#62896: query: en-us.fxfeeds.mozilla.com.usma.bluenet IN A +;12
07-Nov-2011 02:18:00.619 queries: info: client 3.75.190.181#52143: query: en-us.fxfeeds.mozilla.com.usma.bluenet IN AAAA +;12
07-Nov-2011 02:18:02.190 queries: info: client 127.0.0.1#58769: query: usna.bluenet IN A +;12
07-Nov-2011 02:18:05.241 queries: info: client 127.0.0.1#62495: query: quit IN A +;12
07-Nov-2011 02:18:14.265 queries: info: client 7.204.241.161#57645: query: 203.60.1.10.in-addr.arpa IN PTR +;12
07-Nov-2011 02:18:14.311 queries: info: client 10.1.60.203#53893: query: jabber.usma.bluenet IN A +;12
07-Nov-2011 02:18:14.723 queries: info: client 127.0.0.1#60011: query: hq.bluenet IN A +;12
07-Nov-2011 02:18:14.724 queries: info: client 127.0.0.1#50635: query: hq.bluenet IN A +;12
07-Nov-2011 02:18:17.291 queries: info: client 31.154.241.4#59785: query: ntp.hq.blueteam IN A +;12
07-Nov-2011 02:18:21.377 queries: info: client 127.0.0.1#51602: query: usna.bluenet IN A +;12
07-Nov-2011 02:18:33.736 queries: info: client 31.154.241.4#60616: query: 6to4.ipv6.microsoft.com IN A +;12
07-Nov-2011 02:18:35.728 queries: info: client 7.204.241.161#57106: query: 181.190.75.3.in-addr.arpa IN PTR +;12
07-Nov-2011 02:18:35.748 queries: info: client 3.75.190.181#54012: query: jabber.usma.bluenet IN A +;12
07-Nov-2011 02:18:37.150 queries: info: client 31.154.241.4#58993: query: teredo.ipv6.microsoft.com IN A +;12
07-Nov-2011 02:18:50.019 queries: info: client 7.204.241.161#64743: query: 11.241.154.31.in-addr.arpa IN PTR +;12
07-Nov-2011 02:18:50.141 queries: info: client 7.204.241.161#52562: query: hq.bluenet IN MX +;12
07-Nov-2011 02:18:50.142 queries: info: client 7.204.241.161#56337: query: hq.bluenet IN MX +;12
07-Nov-2011 02:19:14.186 queries: info: client 7.204.241.161#60179: query: 203.60.1.10.in-addr.arpa IN PTR +;12
07-Nov-2011 02:19:14.214 queries: info: client 10.1.60.203#61492: query: jabber.usma.bluenet IN A +;12
07-Nov-2011 02:19:29.560 queries: info: client 10.1.20.5#65093: query: usma.bluenet IN SOA -;12
07-Nov-2011 02:19:32.948 queries: info: client 31.154.241.4#60878: query: en-us.www.mozilla.com IN A +;12
07-Nov-2011 02:19:35.704 queries: info: client 7.204.241.161#62921: query: 181.190.75.3.in-addr.arpa IN PTR +;12
07-Nov-2011 02:19:35.741 queries: info: client 3.75.190.181#53122: query: jabber.usma.bluenet IN A +;12
07-Nov-2011 02:20:14.327 queries: info: client 7.204.241.161#56679: query: 203.60.1.10.in-addr.arpa IN PTR +;12
07-Nov-2011 02:20:14.365 queries: info: client 10.1.60.203#64074: query: jabber.usma.bluenet IN A +;12
07-Nov-2011 02:20:21.510 queries: info: client 7.204.241.161#50429: query: 3.241.154.31.in-addr.arpa IN PTR +;12
07-Nov-2011 02:20:35.739 queries: info: client 7.204.241.161#61888: query: 181.190.75.3.in-addr.arpa IN PTR +;12
07-Nov-2011 02:20:35.755 queries: info: client 3.75.190.181#65389: query: jabber.usma.bluenet IN A +;12
07-Nov-2011 02:20:37.241 queries: info: client 10.1.90.5#1119: query: usma.bluenet IN SOA -;12
07-Nov-2011 02:20:37.772 queries: info: client 7.204.241.161#62446: query: hq.bluenet IN MX +;12
07-Nov-2011 02:20:37.774 queries: info: client 7.204.241.161#57693: query: hq.bluenet IN MX +;12
07-Nov-2011 02:21:14.267 queries: info: client 7.204.241.161#56293: query: 203.60.1.10.in-addr.arpa IN PTR +;12
07-Nov-2011 02:21:14.300 queries: info: client 10.1.60.203#62090: query: jabber.usma.bluenet IN A +;12
07-Nov-2011 02:21:17.319 queries: info: client 10.1.60.253#57653: query: ns1.usma.bluenet IN A +;12
07-Nov-2011 02:21:17.446 queries: info: client 10.1.60.253#59003: query: smtp.usma.bluenet IN A +;12
07-Nov-2011 02:21:17.628 queries: info: client 10.1.60.253#64008: query: jabber.usma.bluenet IN A +;12
07-Nov-2011 02:21:17.643 queries: info: client 7.204.241.161#55854: query: 253.60.1.10.in-addr.arpa IN PTR +;12
07-Nov-2011 02:21:19.168 queries: info: client 10.1.60.253#60251: query: www.usma.bluenet IN A +;12
07-Nov-2011 02:21:29.708 queries: info: client 10.1.20.5#65455: query: usma.bluenet IN SOA -;12
07-Nov-2011 02:21:35.774 queries: info: client 7.204.241.161#57307: query: 181.190.75.3.in-addr.arpa IN PTR +;12
07-Nov-2011 02:21:35.803 queries: info: client 3.75.190.181#59657: query: jabber.usma.bluenet IN A +;12
07-Nov-2011 02:21:46.765 queries: info: client 10.1.90.5#1130: query: usma.bluenet IN SOA -;12
07-Nov-2011 02:22:14.157 queries: info: client 7.204.241.161#54937: query: 203.60.1.10.in-addr.arpa IN PTR +;12
07-Nov-2011 02:22:14.176 queries: info: client 10.1.60.203#65156: query: jabber.usma.bluenet IN A +;12
07-Nov-2011 02:22:30.378 queries: info: client 10.1.20.5#54441: query: usma.bluenet IN SOA -;12
07-Nov-2011 02:22:35.813 queries: info: client 7.204.241.161#51068: query: 181.190.75.3.in-addr.arpa IN PTR +;12
07-Nov-2011 02:22:35.847 queries: info: client 3.75.190.181#52465: query: jabber.usma.bluenet IN A +;12
07-Nov-2011 02:22:41.618 queries: info: client 7.204.241.161#51266: query: 20.10.1.10.in-addr.arpa IN PTR +;12
07-Nov-2011 02:22:41.619 queries: info: client 7.204.241.161#56128: query: www1.hq.bluenet IN A +;12
07-Nov-2011 02:22:41.620 queries: info: client 7.204.241.161#60583: query: www1.hq.bluenet IN A +;12
07-Nov-2011 02:22:41.621 queries: info: client 7.204.241.161#52206: query: www1.hq.bluenet.usma.bluenet IN A +;12
07-Nov-2011 02:22:48.748 queries: info: client 10.1.90.5#1134: query: usma.bluenet IN SOA -;12
07-Nov-2011 02:23:14.345 queries: info: client 10.1.60.203#64553: query: jabber.usma.bluenet IN A +;12
07-Nov-2011 02:23:14.352 queries: info: client 7.204.241.161#50241: query: 203.60.1.10.in-addr.arpa IN PTR +;12
07-Nov-2011 02:23:15.591 queries: info: client 3.75.190.181#52730: query: en-us.fxfeeds.mozilla.com IN A +;12
07-Nov-2011 02:23:15.592 queries: info: client 3.75.190.181#54785: query: en-us.fxfeeds.mozilla.com IN AAAA +;12
07-Nov-2011 02:23:15.594 queries: info: client 3.75.190.181#63977: query: en-us.fxfeeds.mozilla.com.usma.bluenet IN A +;12
07-Nov-2011 02:23:15.595 queries: info: client 3.75.190.181#60371: query: en-us.fxfeeds.mozilla.com.usma.bluenet IN AAAA +;12
07-Nov-2011 02:23:35.750 queries: info: client 7.204.241.161#53403: query: 181.190.75.3.in-addr.arpa IN PTR +;12
07-Nov-2011 02:23:35.774 queries: info: client 3.75.190.181#65288: query: jabber.usma.bluenet IN A +;12
07-Nov-2011 02:23:55.722 queries: info: client 10.1.100.5#62187: query: usma.bluenet IN A +EDC;12
07-Nov-2011 02:24:14.322 queries: info: client 7.204.241.161#58572: query: 203.60.1.10.in-addr.arpa IN PTR +;12
07-Nov-2011 02:24:14.349 queries: info: client 10.1.60.203#60576: query: jabber.usma.bluenet IN A +;12
07-Nov-2011 02:24:17.354 queries: info: client 7.204.241.161#56937: query: hq.bluenet IN MX +;12
07-Nov-2011 02:24:17.355 queries: info: client 7.204.241.161#62173: query: hq.bluenet IN MX +;12
07-Nov-2011 02:24:31.007 queries: info: client 10.1.20.5#60800: query: usma.bluenet IN SOA -;12
07-Nov-2011 02:24:35.765 queries: info: client 7.204.241.161#54345: query: 181.190.75.3.in-addr.arpa IN PTR +;12
07-Nov-2011 02:24:35.795 queries: info: client 3.75.190.181#49584: query: jabber.usma.bluenet IN A +;12
07-Nov-2011 02:24:48.897 queries: info: client 10.1.90.5#1143: query: usma.bluenet IN SOA -;12
07-Nov-2011 02:25:14.221 queries: info: client 7.204.241.161#58191: query: 203.60.1.10.in-addr.arpa IN PTR +;12
07-Nov-2011 02:25:14.243 queries: info: client 10.1.60.203#60123: query: jabber.usma.bluenet IN A +;12
07-Nov-2011 16:30:11.744 queries: info: client 10.1.20.5#59743: query: usma.bluenet IN SOA -;12
07-Nov-2011 16:30:16.030 queries: info: client 7.204.241.161#56111: query: 181.190.75.3.in-addr.arpa IN PTR +;12
07-Nov-2011 16:30:16.030 general: warning: *** POKED TIMER ***;12
07-Nov-2011 16:30:16.108 queries: info: client 3.75.190.181#54581: query: jabber.usma.bluenet IN A +;12
07-Nov-2011 16:30:16.354 general: info: zone hq.bluenet/IN: Transfer started.;12
07-Nov-2011 16:30:16.675 xfer-in: info: transfer of 'hq.bluenet/IN' from 10.1.10.5#53: connected using 65.190.233.37#49153;12
07-Nov-2011 16:30:17.838 queries: info: client 31.154.241.4#60751: query: www.usna.bluenet IN A +;12
07-Nov-2011 16:30:17.862 general: info: zone hq.bluenet/IN: transferred serial 103;12
07-Nov-2011 16:30:17.862 xfer-in: info: transfer of 'hq.bluenet/IN' from 10.1.10.5#53: Transfer completed: 29 messages, 29 records, 2052 bytes, 1.186 secs (1730 bytes/sec);12
07-Nov-2011 16:30:24.630 queries: info: client 31.154.241.4#60454: query: go.microsoft.com IN A +;12
07-Nov-2011 16:30:33.385 queries: info: client 31.154.241.4#60630: query: dc1.hq.bluenet IN A +;12
07-Nov-2011 16:30:34.168 queries: info: client 31.154.241.4#59783: query: www.download.windowsupdate.com IN A +;12
07-Nov-2011 16:30:54.419 queries: info: client 7.204.241.161#60143: query: 203.60.1.10.in-addr.arpa IN PTR +;12
07-Nov-2011 16:30:54.461 queries: info: client 10.1.60.203#52049: query: jabber.usma.bluenet IN A +;12
07-Nov-2011 16:31:16.094 queries: info: client 3.75.190.181#58201: query: jabber.usma.bluenet IN A +;12
07-Nov-2011 16:31:16.103 queries: info: client 7.204.241.161#50706: query: 181.190.75.3.in-addr.arpa IN PTR +;12
07-Nov-2011 16:31:29.317 queries: info: client 10.1.90.5#1146: query: usma.bluenet IN SOA -;12
07-Nov-2011 16:31:54.619 queries: info: client 7.204.241.161#53839: query: 203.60.1.10.in-addr.arpa IN PTR +;12
07-Nov-2011 16:31:54.664 queries: info: client 10.1.60.203#62558: query: jabber.usma.bluenet IN A +;12
07-Nov-2011 16:32:11.409 queries: info: client 10.1.60.253#61770: query: jabber.usma.bluenet IN A +;12
07-Nov-2011 16:32:11.425 queries: info: client 10.1.60.253#51070: query: smtp.usma.bluenet IN A +;12
07-Nov-2011 16:32:11.477 queries: info: client 10.1.60.253#59321: query: www.usma.bluenet IN A +;12
07-Nov-2011 16:32:11.522 queries: info: client 7.204.241.161#63829: query: 253.60.1.10.in-addr.arpa IN PTR +;12
07-Nov-2011 16:32:11.523 queries: info: client 10.1.60.253#49447: query: ns1.usma.bluenet IN A +;12
07-Nov-2011 16:32:11.885 queries: info: client 10.1.20.5#54817: query: usma.bluenet IN SOA -;12
07-Nov-2011 16:32:12.149 notify: notice: client 10.1.90.5#1152: received notify for zone 'nps.bluenet': not authoritative;12
07-Nov-2011 16:32:15.522 notify: notice: client 10.1.90.5#1113: received notify for zone 'nps.bluenet': not authoritative;12
07-Nov-2011 16:32:16.038 queries: info: client 7.204.241.161#60610: query: 181.190.75.3.in-addr.arpa IN PTR +;12
07-Nov-2011 16:32:16.120 queries: info: client 3.75.190.181#62496: query: jabber.usma.bluenet IN A +;12
07-Nov-2011 16:32:21.854 queries: info: client 7.204.241.161#63192: query: 20.10.1.10.in-addr.arpa IN PTR +;12
07-Nov-2011 16:32:22.122 queries: info: client 7.204.241.161#52786: query: www1.hq.bluenet IN A +;12
07-Nov-2011 16:32:29.710 queries: info: client 10.1.90.5#1170: query: usma.bluenet IN SOA -;12
07-Nov-2011 16:32:54.559 queries: info: client 10.1.60.203#52609: query: jabber.usma.bluenet IN A +;12
07-Nov-2011 16:32:54.570 queries: info: client 7.204.241.161#56809: query: 203.60.1.10.in-addr.arpa IN PTR +;12
07-Nov-2011 16:33:04.039 queries: info: client 31.154.241.4#60523: query: _ldap._tcp.Default-First-Site-Name._sites.dc._msdcs.hq.bluenet IN SRV +;12
07-Nov-2011 16:33:04.952 queries: info: client 31.154.241.4#60093: query: _ldap._tcp.dc._msdcs.hq.bluenet IN SRV +;12
07-Nov-2011 16:33:10.875 queries: info: client 3.75.190.181#63955: query: en-us.fxfeeds.mozilla.com IN A +;12
07-Nov-2011 16:33:10.877 queries: info: client 3.75.190.181#52542: query: en-us.fxfeeds.mozilla.com IN AAAA +;12
07-Nov-2011 16:33:10.879 queries: info: client 3.75.190.181#63334: query: en-us.fxfeeds.mozilla.com.usma.bluenet IN A +;12
07-Nov-2011 16:33:10.880 queries: info: client 3.75.190.181#50237: query: en-us.fxfeeds.mozilla.com.usma.bluenet IN AAAA +;12
07-Nov-2011 16:33:15.692 queries: info: client 10.1.20.5#53548: query: usma.bluenet IN SOA -;12
07-Nov-2011 16:33:16.134 queries: info: client 7.204.241.161#53933: query: 181.190.75.3.in-addr.arpa IN PTR +;12
07-Nov-2011 16:33:16.232 queries: info: client 3.75.190.181#62236: query: jabber.usma.bluenet IN A +;12
07-Nov-2011 16:33:31.673 notify: notice: client 10.1.90.5#1180: received notify for zone 'nps.bluenet': not authoritative;12
07-Nov-2011 16:33:54.440 queries: info: client 7.204.241.161#53545: query: 203.60.1.10.in-addr.arpa IN PTR +;12
07-Nov-2011 16:33:54.475 queries: info: client 10.1.60.203#53172: query: jabber.usma.bluenet IN A +;12
07-Nov-2011 16:33:57.479 queries: info: client 7.204.241.161#58264: query: hq.bluenet IN MX +;12
07-Nov-2011 16:33:57.480 queries: info: client 7.204.241.161#56347: query: smtp.hq.bluenet IN A +;12
07-Nov-2011 16:34:16.145 queries: info: client 7.204.241.161#56061: query: 181.190.75.3.in-addr.arpa IN PTR +;12
07-Nov-2011 16:34:16.197 queries: info: client 3.75.190.181#57687: query: jabber.usma.bluenet IN A +;12
07-Nov-2011 16:34:29.856 queries: info: client 10.1.90.5#1188: query: usma.bluenet IN SOA -;12
07-Nov-2011 16:34:31.746 queries: info: client 10.1.20.5#64943: query: usma.bluenet IN SOA -;12
07-Nov-2011 16:34:54.422 queries: info: client 7.204.241.161#57518: query: 203.60.1.10.in-addr.arpa IN PTR +;12
07-Nov-2011 16:34:54.477 queries: info: client 10.1.60.203#60337: query: jabber.usma.bluenet IN A +;12
07-Nov-2011 16:35:16.152 queries: info: client 7.204.241.161#50650: query: 181.190.75.3.in-addr.arpa IN PTR +;12
07-Nov-2011 16:35:16.234 queries: info: client 3.75.190.181#54731: query: jabber.usma.bluenet IN A +;12
07-Nov-2011 16:35:54.647 queries: info: client 7.204.241.161#51524: query: 203.60.1.10.in-addr.arpa IN PTR +;12
07-Nov-2011 16:35:54.669 queries: info: client 10.1.60.203#57284: query: jabber.usma.bluenet IN A +;12
07-Nov-2011 16:36:05.551 notify: notice: client 10.1.90.5#1198: received notify for zone 'nps.bluenet': not authoritative;12
07-Nov-2011 16:36:05.558 notify: notice: client 10.1.90.5#1103: received notify for zone 'nps.bluenet': not authoritative;12
07-Nov-2011 16:36:05.603 queries: info: client 10.1.20.5#61316: query: usma.bluenet IN SOA -;12
07-Nov-2011 16:36:16.129 queries: info: client 7.204.241.161#49741: query: 181.190.75.3.in-addr.arpa IN PTR +;12
07-Nov-2011 16:36:16.203 queries: info: client 3.75.190.181#50421: query: jabber.usma.bluenet IN A +;12
07-Nov-2011 16:36:30.000 queries: info: client 10.1.90.5#1109: query: usma.bluenet IN SOA -;12
07-Nov-2011 16:36:38.367 queries: info: client 31.154.241.4#60801: query: www.hq.bluenet IN A +;12
07-Nov-2011 16:36:54.560 queries: info: client 7.204.241.161#64653: query: 203.60.1.10.in-addr.arpa IN PTR +;12
07-Nov-2011 16:36:54.585 queries: info: client 10.1.60.203#62948: query: jabber.usma.bluenet IN A +;12
07-Nov-2011 16:36:59.046 queries: info: client 31.154.241.4#61066: query: ntp.hq.blueteam IN A +;12
07-Nov-2011 16:37:05.872 queries: info: client 10.1.20.5#56869: query: usma.bluenet IN SOA -;12
07-Nov-2011 16:37:09.776 notify: notice: client 10.1.90.5#1116: received notify for zone 'nps.bluenet': not authoritative;12
07-Nov-2011 16:37:16.136 queries: info: client 7.204.241.161#54659: query: 181.190.75.3.in-addr.arpa IN PTR +;12
07-Nov-2011 16:37:16.177 queries: info: client 3.75.190.181#60733: query: jabber.usma.bluenet IN A +;12
07-Nov-2011 16:37:21.787 queries: info: client 7.204.241.161#60287: query: 20.10.1.10.in-addr.arpa IN PTR +;12
07-Nov-2011 16:37:21.788 queries: info: client 7.204.241.161#50602: query: www1.hq.bluenet IN A +;12
07-Nov-2011 16:37:35.119 queries: info: client 7.204.241.161#58808: query: 10.10.1.10.in-addr.arpa IN PTR +;12
07-Nov-2011 16:37:35.331 queries: info: client 7.204.241.161#52068: query: smtp.hq.bluenet IN A +;12
07-Nov-2011 16:37:36.739 queries: info: client 31.154.241.4#59751: query: www.msftncsi.com IN A +;12
07-Nov-2011 16:37:39.526 notify: notice: client 10.1.90.5#1127: received notify for zone 'nps.bluenet': not authoritative;12
07-Nov-2011 16:37:54.451 queries: info: client 7.204.241.161#51015: query: 203.60.1.10.in-addr.arpa IN PTR +;12
07-Nov-2011 16:37:54.490 queries: info: client 10.1.60.203#53311: query: jabber.usma.bluenet IN A +;12
07-Nov-2011 16:38:07.392 queries: info: client 10.1.60.253#50079: query: ns1.usma.bluenet IN A +;12
07-Nov-2011 16:38:07.492 queries: info: client 10.1.60.253#61340: query: smtp.usma.bluenet IN A +;12
07-Nov-2011 16:38:07.666 queries: info: client 7.204.241.161#61765: query: 253.60.1.10.in-addr.arpa IN PTR +;12
07-Nov-2011 16:38:07.712 queries: info: client 10.1.60.253#58237: query: jabber.usma.bluenet IN A +;12
07-Nov-2011 16:38:08.229 queries: info: client 10.1.60.253#51561: query: www.usma.bluenet IN A +;12
07-Nov-2011 16:38:10.935 queries: info: client 3.75.190.181#50306: query: en-us.fxfeeds.mozilla.com IN A +;12
07-Nov-2011 16:38:10.937 queries: info: client 3.75.190.181#51689: query: en-us.fxfeeds.mozilla.com IN AAAA +;12
07-Nov-2011 16:38:10.939 queries: info: client 3.75.190.181#49616: query: en-us.fxfeeds.mozilla.com.usma.bluenet IN A +;12
07-Nov-2011 16:38:10.940 queries: info: client 3.75.190.181#54328: query: en-us.fxfeeds.mozilla.com.usma.bluenet IN AAAA +;12
07-Nov-2011 16:38:16.039 queries: info: client 7.204.241.161#59149: query: 181.190.75.3.in-addr.arpa IN PTR +;12
07-Nov-2011 16:38:16.076 queries: info: client 3.75.190.181#58008: query: jabber.usma.bluenet IN A +;12
07-Nov-2011 16:38:30.268 queries: info: client 10.1.90.5#1135: query: usma.bluenet IN SOA -;12
07-Nov-2011 16:38:32.693 notify: notice: client 10.1.90.5#1142: received notify for zone 'nps.bluenet': not authoritative;12
07-Nov-2011 16:38:32.764 queries: info: client 10.1.20.5#61398: query: usma.bluenet IN SOA -;12
07-Nov-2011 16:38:41.592 queries: info: client 31.154.241.4#59233: query: 4.241.154.31.in-addr.arpa IN PTR +;12
07-Nov-2011 16:38:54.605 queries: info: client 7.204.241.161#54618: query: 203.60.1.10.in-addr.arpa IN PTR +;12
07-Nov-2011 16:38:54.636 queries: info: client 10.1.60.203#61436: query: jabber.usma.bluenet IN A +;12
07-Nov-2011 16:38:57.642 queries: info: client 7.204.241.161#55819: query: hq.bluenet IN MX +;12
07-Nov-2011 16:38:57.643 queries: info: client 7.204.241.161#52768: query: smtp.hq.bluenet IN A +;12
07-Nov-2011 16:39:16.113 queries: info: client 7.204.241.161#57539: query: 181.190.75.3.in-addr.arpa IN PTR +;12
07-Nov-2011 16:39:16.248 queries: info: client 3.75.190.181#64026: query: jabber.usma.bluenet IN A +;12
07-Nov-2011 16:39:30.430 queries: info: client 10.1.90.5#1150: query: usma.bluenet IN SOA -;12
07-Nov-2011 16:39:41.225 queries: info: client 31.154.241.4#58994: query: ntp.hq.bluenet IN A +;12
07-Nov-2011 16:39:54.518 queries: info: client 7.204.241.161#52618: query: 203.60.1.10.in-addr.arpa IN PTR +;12
07-Nov-2011 16:39:54.559 queries: info: client 10.1.60.203#51918: query: jabber.usma.bluenet IN A +;12
07-Nov-2011 16:40:03.289 queries: info: client 10.1.100.5#63631: query: www.usma.bluenet IN A +EDC;12
07-Nov-2011 16:40:03.522 queries: info: client 7.204.241.161#60492: query: . IN NS +;12
07-Nov-2011 16:40:16.080 queries: info: client 7.204.241.161#50552: query: 181.190.75.3.in-addr.arpa IN PTR +;12
07-Nov-2011 16:40:16.143 queries: info: client 3.75.190.181#60373: query: jabber.usma.bluenet IN A +;12
07-Nov-2011 16:40:27.248 queries: info: client 10.1.100.5#58221: query: smtp.usma.bluenet IN A +EDC;12
07-Nov-2011 16:40:28.252 queries: info: client 7.204.241.161#52636: query: smtp.usma.bluenet IN A +;12
07-Nov-2011 16:40:33.187 queries: info: client 10.1.20.5#59070: query: usma.bluenet IN SOA -;12
07-Nov-2011 16:40:54.459 queries: info: client 7.204.241.161#53031: query: 203.60.1.10.in-addr.arpa IN PTR +;12
07-Nov-2011 16:40:54.492 queries: info: client 10.1.60.203#61709: query: jabber.usma.bluenet IN A +;12
07-Nov-2011 16:41:16.066 queries: info: client 7.204.241.161#63535: query: 181.190.75.3.in-addr.arpa IN PTR +;12
07-Nov-2011 16:41:16.128 queries: info: client 3.75.190.181#50266: query: jabber.usma.bluenet IN A +;12
07-Nov-2011 16:41:30.617 queries: info: client 10.1.90.5#1153: query: usma.bluenet IN SOA -;12
07-Nov-2011 16:41:54.655 queries: info: client 7.204.241.161#60573: query: 203.60.1.10.in-addr.arpa IN PTR +;12
07-Nov-2011 16:41:54.697 queries: info: client 10.1.60.203#64439: query: jabber.usma.bluenet IN A +;12
07-Nov-2011 16:41:58.228 queries: info: client 31.154.241.4#59505: query: 6to4.ipv6.microsoft.com IN A +;12
07-Nov-2011 16:42:01.252 queries: info: client 31.154.241.4#61201: query: teredo.ipv6.microsoft.com IN A +;12
07-Nov-2011 16:42:16.118 queries: info: client 7.204.241.161#52605: query: 181.190.75.3.in-addr.arpa IN PTR +;12
07-Nov-2011 16:42:16.189 queries: info: client 3.75.190.181#64409: query: jabber.usma.bluenet IN A +;12
07-Nov-2011 16:42:21.998 queries: info: client 7.204.241.161#54919: query: 20.10.1.10.in-addr.arpa IN PTR +;12
07-Nov-2011 16:42:21.999 queries: info: client 7.204.241.161#62544: query: www1.hq.bluenet IN A +;12
07-Nov-2011 16:42:33.375 queries: info: client 10.1.20.5#62193: query: usma.bluenet IN SOA -;12
07-Nov-2011 16:42:54.679 queries: info: client 7.204.241.161#50583: query: 203.60.1.10.in-addr.arpa IN PTR +;12
07-Nov-2011 16:42:54.726 queries: info: client 10.1.60.203#64337: query: jabber.usma.bluenet IN A +;12
07-Nov-2011 16:43:05.050 notify: notice: client 10.1.90.5#1161: received notify for zone 'nps.bluenet': not authoritative;12
07-Nov-2011 16:43:16.102 queries: info: client 7.204.241.161#56155: query: 181.190.75.3.in-addr.arpa IN PTR +;12
07-Nov-2011 16:43:16.123 queries: info: client 3.75.190.181#60931: query: jabber.usma.bluenet IN A +;12
07-Nov-2011 16:43:25.884 queries: info: client 3.75.190.181#58248: query: en-us.fxfeeds.mozilla.com IN A +;12
07-Nov-2011 16:43:25.886 queries: info: client 3.75.190.181#55876: query: en-us.fxfeeds.mozilla.com IN AAAA +;12
07-Nov-2011 16:43:25.887 queries: info: client 3.75.190.181#49828: query: en-us.fxfeeds.mozilla.com.usma.bluenet IN A +;12
07-Nov-2011 16:43:25.888 queries: info: client 3.75.190.181#65126: query: en-us.fxfeeds.mozilla.com.usma.bluenet IN AAAA +;12
07-Nov-2011 16:43:30.758 queries: info: client 10.1.90.5#1140: query: usma.bluenet IN SOA -;12
07-Nov-2011 16:43:33.725 notify: notice: client 10.1.90.5#1172: received notify for zone 'nps.bluenet': not authoritative;12
07-Nov-2011 16:43:33.782 queries: info: client 10.1.20.5#63259: query: usma.bluenet IN SOA -;12
07-Nov-2011 16:43:53.068 queries: info: client 10.1.60.253#63730: query: jabber.usma.bluenet IN A +;12
07-Nov-2011 16:43:53.171 queries: info: client 7.204.241.161#59627: query: 253.60.1.10.in-addr.arpa IN PTR +;12
07-Nov-2011 16:43:53.175 queries: info: client 10.1.60.253#60440: query: www.usma.bluenet IN A +;12
07-Nov-2011 16:43:53.375 queries: info: client 10.1.60.253#49821: query: ns1.usma.bluenet IN A +;12
07-Nov-2011 16:43:53.376 queries: info: client 10.1.60.253#60364: query: smtp.usma.bluenet IN A +;12
07-Nov-2011 16:43:54.608 queries: info: client 7.204.241.161#54354: query: 203.60.1.10.in-addr.arpa IN PTR +;12
07-Nov-2011 16:43:54.615 queries: info: client 10.1.60.203#60204: query: jabber.usma.bluenet IN A +;12
07-Nov-2011 16:43:57.646 queries: info: client 7.204.241.161#54194: query: hq.bluenet IN MX +;12
07-Nov-2011 16:43:57.647 queries: info: client 7.204.241.161#55935: query: smtp.hq.bluenet IN A +;12
07-Nov-2011 16:44:16.048 queries: info: client 7.204.241.161#57798: query: 181.190.75.3.in-addr.arpa IN PTR +;12
07-Nov-2011 16:44:16.088 queries: info: client 3.75.190.181#49224: query: jabber.usma.bluenet IN A +;12
07-Nov-2011 16:44:54.512 queries: info: client 7.204.241.161#55481: query: 203.60.1.10.in-addr.arpa IN PTR +;12
07-Nov-2011 16:44:54.542 queries: info: client 10.1.60.203#56633: query: jabber.usma.bluenet IN A +;12
07-Nov-2011 16:45:16.051 queries: info: client 7.204.241.161#64202: query: 181.190.75.3.in-addr.arpa IN PTR +;12
07-Nov-2011 16:45:16.100 queries: info: client 3.75.190.181#64803: query: jabber.usma.bluenet IN A +;12
07-Nov-2011 16:45:18.810 queries: info: client 7.204.241.161#50807: query: 3.241.154.31.in-addr.arpa IN PTR +;12
07-Nov-2011 16:45:30.936 queries: info: client 10.1.90.5#1184: query: usma.bluenet IN SOA -;12
07-Nov-2011 16:45:34.379 queries: info: client 10.1.20.5#64982: query: usma.bluenet IN SOA -;12
